epitope,protein_seq,protein_name
CLLFIQSY,"MNSLSIFFIVVATAAVCLLFIQSYSIYENYGNIKEFNATHAAFEYSKSIGGTPALDRRVQ
DVNDTISDVKQKWRCVVYPGNGFVSASIFGFQAEVGPNNTRSIRKFNTMRQCIDFTFSDV
INIDIYNPCIAPNINNTECQFLKSVL",Q8V4U9
VCLLFIQSY,"MNSLSIFFIVVATAAVCLLFIQSYSIYENYGNIKEFNATHAAFEYSKSIGGTPALDRRVQ
DVNDTISDVKQKWRCVVYPGNGFVSASIFGFQAEVGPNNTRSIRKFNTMRQCIDFTFSDV
INIDIYNPCIAPNINNTECQFLKSVL",Q8V4U9
AVCLLFIQSY,"MNSLSIFFIVVATAAVCLLFIQSYSIYENYGNIKEFNATHAAFEYSKSIGGTPALDRRVQ
DVNDTISDVKQKWRCVVYPGNGFVSASIFGFQAEVGPNNTRSIRKFNTMRQCIDFTFSDV
INIDIYNPCIAPNINNTECQFLKSVL",Q8V4U9
AAVCLLFIQSY,"MNSLSIFFIVVATAAVCLLFIQSYSIYENYGNIKEFNATHAAFEYSKSIGGTPALDRRVQ
DVNDTISDVKQKWRCVVYPGNGFVSASIFGFQAEVGPNNTRSIRKFNTMRQCIDFTFSDV
INIDIYNPCIAPNINNTECQFLKSVL",Q8V4U9
ATHAAFEY,"MNSLSIFFIVVATAAVCLLFIQSYSIYENYGNIKEFNATHAAFEYSKSIGGTPALDRRVQ
DVNDTISDVKQKWRCVVYPGNGFVSASIFGFQAEVGPNNTRSIRKFNTMRQCIDFTFSDV
INIDIYNPCIAPNINNTECQFLKSVL",Q8V4U9
NATHAAFEY,"MNSLSIFFIVVATAAVCLLFIQSYSIYENYGNIKEFNATHAAFEYSKSIGGTPALDRRVQ
DVNDTISDVKQKWRCVVYPGNGFVSASIFGFQAEVGPNNTRSIRKFNTMRQCIDFTFSDV
INIDIYNPCIAPNINNTECQFLKSVL",Q8V4U9
FNATHAAFEY,"MNSLSIFFIVVATAAVCLLFIQSYSIYENYGNIKEFNATHAAFEYSKSIGGTPALDRRVQ
DVNDTISDVKQKWRCVVYPGNGFVSASIFGFQAEVGPNNTRSIRKFNTMRQCIDFTFSDV
INIDIYNPCIAPNINNTECQFLKSVL",Q8V4U9
EFNATHAAFEY,"MNSLSIFFIVVATAAVCLLFIQSYSIYENYGNIKEFNATHAAFEYSKSIGGTPALDRRVQ
DVNDTISDVKQKWRCVVYPGNGFVSASIFGFQAEVGPNNTRSIRKFNTMRQCIDFTFSDV
INIDIYNPCIAPNINNTECQFLKSVL",Q8V4U9
RQCIDFTF,"MNSLSIFFIVVATAAVCLLFIQSYSIYENYGNIKEFNATHAAFEYSKSIGGTPALDRRVQ
DVNDTISDVKQKWRCVVYPGNGFVSASIFGFQAEVGPNNTRSIRKFNTMRQCIDFTFSDV
INIDIYNPCIAPNINNTECQFLKSVL",Q8V4U9
MRQCIDFTF,"MNSLSIFFIVVATAAVCLLFIQSYSIYENYGNIKEFNATHAAFEYSKSIGGTPALDRRVQ
DVNDTISDVKQKWRCVVYPGNGFVSASIFGFQAEVGPNNTRSIRKFNTMRQCIDFTFSDV
INIDIYNPCIAPNINNTECQFLKSVL",Q8V4U9
TMRQCIDFTF,"MNSLSIFFIVVATAAVCLLFIQSYSIYENYGNIKEFNATHAAFEYSKSIGGTPALDRRVQ
DVNDTISDVKQKWRCVVYPGNGFVSASIFGFQAEVGPNNTRSIRKFNTMRQCIDFTFSDV
INIDIYNPCIAPNINNTECQFLKSVL",Q8V4U9
NTMRQCIDFTF,"MNSLSIFFIVVATAAVCLLFIQSYSIYENYGNIKEFNATHAAFEYSKSIGGTPALDRRVQ
DVNDTISDVKQKWRCVVYPGNGFVSASIFGFQAEVGPNNTRSIRKFNTMRQCIDFTFSDV
INIDIYNPCIAPNINNTECQFLKSVL",Q8V4U9
PGNGFVSA,"MNSLSIFFIVVATAAVCLLFIQSYSIYENYGNIKEFNATHAAFEYSKSIGGTPALDRRVQ
DVNDTISDVKQKWRCVVYPGNGFVSASIFGFQAEVGPNNTRSIRKFNTMRQCIDFTFSDV
INIDIYNPCIAPNINNTECQFLKSVL",Q8V4U9
YPGNGFVSA,"MNSLSIFFIVVATAAVCLLFIQSYSIYENYGNIKEFNATHAAFEYSKSIGGTPALDRRVQ
DVNDTISDVKQKWRCVVYPGNGFVSASIFGFQAEVGPNNTRSIRKFNTMRQCIDFTFSDV
INIDIYNPCIAPNINNTECQFLKSVL",Q8V4U9
VYPGNGFVSA,"MNSLSIFFIVVATAAVCLLFIQSYSIYENYGNIKEFNATHAAFEYSKSIGGTPALDRRVQ
DVNDTISDVKQKWRCVVYPGNGFVSASIFGFQAEVGPNNTRSIRKFNTMRQCIDFTFSDV
INIDIYNPCIAPNINNTECQFLKSVL",Q8V4U9
VVYPGNGFVSA,"MNSLSIFFIVVATAAVCLLFIQSYSIYENYGNIKEFNATHAAFEYSKSIGGTPALDRRVQ
DVNDTISDVKQKWRCVVYPGNGFVSASIFGFQAEVGPNNTRSIRKFNTMRQCIDFTFSDV
INIDIYNPCIAPNINNTECQFLKSVL",Q8V4U9
NYGNIKEF,"MNSLSIFFIVVATAAVCLLFIQSYSIYENYGNIKEFNATHAAFEYSKSIGGTPALDRRVQ
DVNDTISDVKQKWRCVVYPGNGFVSASIFGFQAEVGPNNTRSIRKFNTMRQCIDFTFSDV
INIDIYNPCIAPNINNTECQFLKSVL",Q8V4U9
ENYGNIKEF,"MNSLSIFFIVVATAAVCLLFIQSYSIYENYGNIKEFNATHAAFEYSKSIGGTPALDRRVQ
DVNDTISDVKQKWRCVVYPGNGFVSASIFGFQAEVGPNNTRSIRKFNTMRQCIDFTFSDV
INIDIYNPCIAPNINNTECQFLKSVL",Q8V4U9
YENYGNIKEF,"MNSLSIFFIVVATAAVCLLFIQSYSIYENYGNIKEFNATHAAFEYSKSIGGTPALDRRVQ
DVNDTISDVKQKWRCVVYPGNGFVSASIFGFQAEVGPNNTRSIRKFNTMRQCIDFTFSDV
INIDIYNPCIAPNINNTECQFLKSVL",Q8V4U9
IYENYGNIKEF,"MNSLSIFFIVVATAAVCLLFIQSYSIYENYGNIKEFNATHAAFEYSKSIGGTPALDRRVQ
DVNDTISDVKQKWRCVVYPGNGFVSASIFGFQAEVGPNNTRSIRKFNTMRQCIDFTFSDV
INIDIYNPCIAPNINNTECQFLKSVL",Q8V4U9
VQDVNDTI,"MNSLSIFFIVVATAAVCLLFIQSYSIYENYGNIKEFNATHAAFEYSKSIGGTPALDRRVQ
DVNDTISDVKQKWRCVVYPGNGFVSASIFGFQAEVGPNNTRSIRKFNTMRQCIDFTFSDV
INIDIYNPCIAPNINNTECQFLKSVL",Q8V4U9
RVQDVNDTI,"MNSLSIFFIVVATAAVCLLFIQSYSIYENYGNIKEFNATHAAFEYSKSIGGTPALDRRVQ
DVNDTISDVKQKWRCVVYPGNGFVSASIFGFQAEVGPNNTRSIRKFNTMRQCIDFTFSDV
INIDIYNPCIAPNINNTECQFLKSVL",Q8V4U9
RRVQDVNDTI,"MNSLSIFFIVVATAAVCLLFIQSYSIYENYGNIKEFNATHAAFEYSKSIGGTPALDRRVQ
DVNDTISDVKQKWRCVVYPGNGFVSASIFGFQAEVGPNNTRSIRKFNTMRQCIDFTFSDV
INIDIYNPCIAPNINNTECQFLKSVL",Q8V4U9
DRRVQDVNDTI,"MNSLSIFFIVVATAAVCLLFIQSYSIYENYGNIKEFNATHAAFEYSKSIGGTPALDRRVQ
DVNDTISDVKQKWRCVVYPGNGFVSASIFGFQAEVGPNNTRSIRKFNTMRQCIDFTFSDV
INIDIYNPCIAPNINNTECQFLKSVL",Q8V4U9
