epitope_id,epitope,epitope_length,cleavage_site,prediction
13mer|1|MNSLSIFFIVVAT|sp|Q8V4U9|A28_MONPZ,MNSLSIFFIVVAT,13,VVATAAV,0.2671944
13mer|2|NSLSIFFIVVATA|sp|Q8V4U9|A28_MONPZ,NSLSIFFIVVATA,13,VATAAVC,0.29562464
13mer|3|SLSIFFIVVATAA|sp|Q8V4U9|A28_MONPZ,SLSIFFIVVATAA,13,ATAAVCL,0.3414698
13mer|4|LSIFFIVVATAAV|sp|Q8V4U9|A28_MONPZ,LSIFFIVVATAAV,13,TAAVCLL,0.35436776
13mer|5|SIFFIVVATAAVC|sp|Q8V4U9|A28_MONPZ,SIFFIVVATAAVC,13,AAVCLLF,0.14856349
13mer|6|IFFIVVATAAVCL|sp|Q8V4U9|A28_MONPZ,IFFIVVATAAVCL,13,AVCLLFI,0.38424844
13mer|7|FFIVVATAAVCLL|sp|Q8V4U9|A28_MONPZ,FFIVVATAAVCLL,13,VCLLFIQ,0.3293629
13mer|8|FIVVATAAVCLLF|sp|Q8V4U9|A28_MONPZ,FIVVATAAVCLLF,13,CLLFIQS,0.38671386
13mer|9|IVVATAAVCLLFI|sp|Q8V4U9|A28_MONPZ,IVVATAAVCLLFI,13,LLFIQSY,0.11868274
13mer|10|VVATAAVCLLFIQ|sp|Q8V4U9|A28_MONPZ,VVATAAVCLLFIQ,13,LFIQSYS,0.4495869
13mer|11|VATAAVCLLFIQS|sp|Q8V4U9|A28_MONPZ,VATAAVCLLFIQS,13,FIQSYSI,0.3331393
13mer|12|ATAAVCLLFIQSY|sp|Q8V4U9|A28_MONPZ,ATAAVCLLFIQSY,13,IQSYSIY,0.34105435
13mer|13|TAAVCLLFIQSYS|sp|Q8V4U9|A28_MONPZ,TAAVCLLFIQSYS,13,QSYSIYE,0.37151426
13mer|14|AAVCLLFIQSYSI|sp|Q8V4U9|A28_MONPZ,AAVCLLFIQSYSI,13,SYSIYEN,0.16109182
13mer|15|AVCLLFIQSYSIY|sp|Q8V4U9|A28_MONPZ,AVCLLFIQSYSIY,13,YSIYENY,0.32860804
13mer|16|VCLLFIQSYSIYE|sp|Q8V4U9|A28_MONPZ,VCLLFIQSYSIYE,13,SIYENYG,0.30434906
13mer|17|CLLFIQSYSIYEN|sp|Q8V4U9|A28_MONPZ,CLLFIQSYSIYEN,13,IYENYGN,0.25219232
13mer|18|LLFIQSYSIYENY|sp|Q8V4U9|A28_MONPZ,LLFIQSYSIYENY,13,YENYGNI,0.49741527
13mer|19|LFIQSYSIYENYG|sp|Q8V4U9|A28_MONPZ,LFIQSYSIYENYG,13,ENYGNIK,0.33845434
13mer|20|FIQSYSIYENYGN|sp|Q8V4U9|A28_MONPZ,FIQSYSIYENYGN,13,NYGNIKE,0.26497617
13mer|21|IQSYSIYENYGNI|sp|Q8V4U9|A28_MONPZ,IQSYSIYENYGNI,13,YGNIKEF,0.15159677
13mer|22|QSYSIYENYGNIK|sp|Q8V4U9|A28_MONPZ,QSYSIYENYGNIK,13,GNIKEFN,0.4850307
13mer|23|SYSIYENYGNIKE|sp|Q8V4U9|A28_MONPZ,SYSIYENYGNIKE,13,NIKEFNA,0.41334367
13mer|24|YSIYENYGNIKEF|sp|Q8V4U9|A28_MONPZ,YSIYENYGNIKEF,13,IKEFNAT,0.25954905
13mer|25|SIYENYGNIKEFN|sp|Q8V4U9|A28_MONPZ,SIYENYGNIKEFN,13,KEFNATH,0.4056601
13mer|26|IYENYGNIKEFNA|sp|Q8V4U9|A28_MONPZ,IYENYGNIKEFNA,13,EFNATHA,0.15653083
13mer|27|YENYGNIKEFNAT|sp|Q8V4U9|A28_MONPZ,YENYGNIKEFNAT,13,FNATHAA,0.33397752
13mer|28|ENYGNIKEFNATH|sp|Q8V4U9|A28_MONPZ,ENYGNIKEFNATH,13,NATHAAF,0.36290672
13mer|29|NYGNIKEFNATHA|sp|Q8V4U9|A28_MONPZ,NYGNIKEFNATHA,13,ATHAAFE,0.30689976
13mer|30|YGNIKEFNATHAA|sp|Q8V4U9|A28_MONPZ,YGNIKEFNATHAA,13,THAAFEY,0.32619998
13mer|31|GNIKEFNATHAAF|sp|Q8V4U9|A28_MONPZ,GNIKEFNATHAAF,13,HAAFEYS,0.32642066
13mer|32|NIKEFNATHAAFE|sp|Q8V4U9|A28_MONPZ,NIKEFNATHAAFE,13,AAFEYSK,0.43639836
13mer|33|IKEFNATHAAFEY|sp|Q8V4U9|A28_MONPZ,IKEFNATHAAFEY,13,AFEYSKS,0.3152996
13mer|34|KEFNATHAAFEYS|sp|Q8V4U9|A28_MONPZ,KEFNATHAAFEYS,13,FEYSKSI,0.20252728
13mer|35|EFNATHAAFEYSK|sp|Q8V4U9|A28_MONPZ,EFNATHAAFEYSK,13,EYSKSIG,0.31992412
13mer|36|FNATHAAFEYSKS|sp|Q8V4U9|A28_MONPZ,FNATHAAFEYSKS,13,YSKSIGG,0.45870692
13mer|37|NATHAAFEYSKSI|sp|Q8V4U9|A28_MONPZ,NATHAAFEYSKSI,13,SKSIGGT,0.15377069
13mer|38|ATHAAFEYSKSIG|sp|Q8V4U9|A28_MONPZ,ATHAAFEYSKSIG,13,KSIGGTP,0.5307834
13mer|39|THAAFEYSKSIGG|sp|Q8V4U9|A28_MONPZ,THAAFEYSKSIGG,13,SIGGTPA,0.26976705
13mer|40|HAAFEYSKSIGGT|sp|Q8V4U9|A28_MONPZ,HAAFEYSKSIGGT,13,IGGTPAL,0.12911844
13mer|41|AAFEYSKSIGGTP|sp|Q8V4U9|A28_MONPZ,AAFEYSKSIGGTP,13,GGTPALD,0.23997186
13mer|42|AFEYSKSIGGTPA|sp|Q8V4U9|A28_MONPZ,AFEYSKSIGGTPA,13,GTPALDR,0.56279147
13mer|43|FEYSKSIGGTPAL|sp|Q8V4U9|A28_MONPZ,FEYSKSIGGTPAL,13,TPALDRR,0.25703663
13mer|44|EYSKSIGGTPALD|sp|Q8V4U9|A28_MONPZ,EYSKSIGGTPALD,13,PALDRRV,0.2888856
13mer|45|YSKSIGGTPALDR|sp|Q8V4U9|A28_MONPZ,YSKSIGGTPALDR,13,ALDRRVQ,0.35522237
13mer|46|SKSIGGTPALDRR|sp|Q8V4U9|A28_MONPZ,SKSIGGTPALDRR,13,LDRRVQD,0.41441318
13mer|47|KSIGGTPALDRRV|sp|Q8V4U9|A28_MONPZ,KSIGGTPALDRRV,13,DRRVQDV,0.22058721
13mer|48|SIGGTPALDRRVQ|sp|Q8V4U9|A28_MONPZ,SIGGTPALDRRVQ,13,RRVQDVN,0.3902431
13mer|49|IGGTPALDRRVQD|sp|Q8V4U9|A28_MONPZ,IGGTPALDRRVQD,13,RVQDVND,0.3719576
13mer|50|GGTPALDRRVQDV|sp|Q8V4U9|A28_MONPZ,GGTPALDRRVQDV,13,VQDVNDT,0.19504601
13mer|51|GTPALDRRVQDVN|sp|Q8V4U9|A28_MONPZ,GTPALDRRVQDVN,13,QDVNDTI,0.396175
13mer|52|TPALDRRVQDVND|sp|Q8V4U9|A28_MONPZ,TPALDRRVQDVND,13,DVNDTIS,0.21118577
13mer|53|PALDRRVQDVNDT|sp|Q8V4U9|A28_MONPZ,PALDRRVQDVNDT,13,VNDTISD,0.4139269
13mer|54|ALDRRVQDVNDTI|sp|Q8V4U9|A28_MONPZ,ALDRRVQDVNDTI,13,NDTISDV,0.25851047
13mer|55|LDRRVQDVNDTIS|sp|Q8V4U9|A28_MONPZ,LDRRVQDVNDTIS,13,DTISDVK,0.2633757
13mer|56|DRRVQDVNDTISD|sp|Q8V4U9|A28_MONPZ,DRRVQDVNDTISD,13,TISDVKQ,0.41006202
13mer|57|RRVQDVNDTISDV|sp|Q8V4U9|A28_MONPZ,RRVQDVNDTISDV,13,ISDVKQK,0.24756233
13mer|58|RVQDVNDTISDVK|sp|Q8V4U9|A28_MONPZ,RVQDVNDTISDVK,13,SDVKQKW,0.39088508
13mer|59|VQDVNDTISDVKQ|sp|Q8V4U9|A28_MONPZ,VQDVNDTISDVKQ,13,DVKQKWR,0.4008862
13mer|60|QDVNDTISDVKQK|sp|Q8V4U9|A28_MONPZ,QDVNDTISDVKQK,13,VKQKWRC,0.3796742
13mer|61|DVNDTISDVKQKW|sp|Q8V4U9|A28_MONPZ,DVNDTISDVKQKW,13,KQKWRCV,0.27523166
13mer|62|VNDTISDVKQKWR|sp|Q8V4U9|A28_MONPZ,VNDTISDVKQKWR,13,QKWRCVV,0.56270146
13mer|63|NDTISDVKQKWRC|sp|Q8V4U9|A28_MONPZ,NDTISDVKQKWRC,13,KWRCVVY,0.1659239
13mer|64|DTISDVKQKWRCV|sp|Q8V4U9|A28_MONPZ,DTISDVKQKWRCV,13,WRCVVYP,0.3253924
13mer|65|TISDVKQKWRCVV|sp|Q8V4U9|A28_MONPZ,TISDVKQKWRCVV,13,RCVVYPG,0.39509425
13mer|66|ISDVKQKWRCVVY|sp|Q8V4U9|A28_MONPZ,ISDVKQKWRCVVY,13,CVVYPGN,0.14822823
13mer|67|SDVKQKWRCVVYP|sp|Q8V4U9|A28_MONPZ,SDVKQKWRCVVYP,13,VVYPGNG,0.19440624
13mer|68|DVKQKWRCVVYPG|sp|Q8V4U9|A28_MONPZ,DVKQKWRCVVYPG,13,VYPGNGF,0.538883
13mer|69|VKQKWRCVVYPGN|sp|Q8V4U9|A28_MONPZ,VKQKWRCVVYPGN,13,YPGNGFV,0.19179451
13mer|70|KQKWRCVVYPGNG|sp|Q8V4U9|A28_MONPZ,KQKWRCVVYPGNG,13,PGNGFVS,0.39082068
13mer|71|QKWRCVVYPGNGF|sp|Q8V4U9|A28_MONPZ,QKWRCVVYPGNGF,13,GNGFVSA,0.42387885
13mer|72|KWRCVVYPGNGFV|sp|Q8V4U9|A28_MONPZ,KWRCVVYPGNGFV,13,NGFVSAS,0.2044394
13mer|73|WRCVVYPGNGFVS|sp|Q8V4U9|A28_MONPZ,WRCVVYPGNGFVS,13,GFVSASI,0.39823338
13mer|74|RCVVYPGNGFVSA|sp|Q8V4U9|A28_MONPZ,RCVVYPGNGFVSA,13,FVSASIF,0.22237067
13mer|75|CVVYPGNGFVSAS|sp|Q8V4U9|A28_MONPZ,CVVYPGNGFVSAS,13,VSASIFG,0.33691618
13mer|76|VVYPGNGFVSASI|sp|Q8V4U9|A28_MONPZ,VVYPGNGFVSASI,13,SASIFGF,0.23426725
13mer|77|VYPGNGFVSASIF|sp|Q8V4U9|A28_MONPZ,VYPGNGFVSASIF,13,ASIFGFQ,0.39503407
13mer|78|YPGNGFVSASIFG|sp|Q8V4U9|A28_MONPZ,YPGNGFVSASIFG,13,SIFGFQA,0.38138685
13mer|79|PGNGFVSASIFGF|sp|Q8V4U9|A28_MONPZ,PGNGFVSASIFGF,13,IFGFQAE,0.2966305
13mer|80|GNGFVSASIFGFQ|sp|Q8V4U9|A28_MONPZ,GNGFVSASIFGFQ,13,FGFQAEV,0.3154556
13mer|81|NGFVSASIFGFQA|sp|Q8V4U9|A28_MONPZ,NGFVSASIFGFQA,13,GFQAEVG,0.21530822
13mer|82|GFVSASIFGFQAE|sp|Q8V4U9|A28_MONPZ,GFVSASIFGFQAE,13,FQAEVGP,0.38900918
13mer|83|FVSASIFGFQAEV|sp|Q8V4U9|A28_MONPZ,FVSASIFGFQAEV,13,QAEVGPN,0.17868544
13mer|84|VSASIFGFQAEVG|sp|Q8V4U9|A28_MONPZ,VSASIFGFQAEVG,13,AEVGPNN,0.25652236
13mer|85|SASIFGFQAEVGP|sp|Q8V4U9|A28_MONPZ,SASIFGFQAEVGP,13,EVGPNNT,0.13262135
13mer|86|ASIFGFQAEVGPN|sp|Q8V4U9|A28_MONPZ,ASIFGFQAEVGPN,13,VGPNNTR,0.6576467
13mer|87|SIFGFQAEVGPNN|sp|Q8V4U9|A28_MONPZ,SIFGFQAEVGPNN,13,GPNNTRS,0.22751985
13mer|88|IFGFQAEVGPNNT|sp|Q8V4U9|A28_MONPZ,IFGFQAEVGPNNT,13,PNNTRSI,0.33605498
13mer|89|FGFQAEVGPNNTR|sp|Q8V4U9|A28_MONPZ,FGFQAEVGPNNTR,13,NNTRSIR,0.30268914
13mer|90|GFQAEVGPNNTRS|sp|Q8V4U9|A28_MONPZ,GFQAEVGPNNTRS,13,NTRSIRK,0.37508613
13mer|91|FQAEVGPNNTRSI|sp|Q8V4U9|A28_MONPZ,FQAEVGPNNTRSI,13,TRSIRKF,0.33758703
13mer|92|QAEVGPNNTRSIR|sp|Q8V4U9|A28_MONPZ,QAEVGPNNTRSIR,13,RSIRKFN,0.30735675
13mer|93|AEVGPNNTRSIRK|sp|Q8V4U9|A28_MONPZ,AEVGPNNTRSIRK,13,SIRKFNT,0.3796388
13mer|94|EVGPNNTRSIRKF|sp|Q8V4U9|A28_MONPZ,EVGPNNTRSIRKF,13,IRKFNTM,0.29394406
13mer|95|VGPNNTRSIRKFN|sp|Q8V4U9|A28_MONPZ,VGPNNTRSIRKFN,13,RKFNTMR,0.30478296
13mer|96|GPNNTRSIRKFNT|sp|Q8V4U9|A28_MONPZ,GPNNTRSIRKFNT,13,KFNTMRQ,0.30042633
13mer|97|PNNTRSIRKFNTM|sp|Q8V4U9|A28_MONPZ,PNNTRSIRKFNTM,13,FNTMRQC,0.25862336
13mer|98|NNTRSIRKFNTMR|sp|Q8V4U9|A28_MONPZ,NNTRSIRKFNTMR,13,NTMRQCI,0.32662255
13mer|99|NTRSIRKFNTMRQ|sp|Q8V4U9|A28_MONPZ,NTRSIRKFNTMRQ,13,TMRQCID,0.5120855
13mer|100|TRSIRKFNTMRQC|sp|Q8V4U9|A28_MONPZ,TRSIRKFNTMRQC,13,MRQCIDF,0.15220995
13mer|101|RSIRKFNTMRQCI|sp|Q8V4U9|A28_MONPZ,RSIRKFNTMRQCI,13,RQCIDFT,0.17297757
13mer|102|SIRKFNTMRQCID|sp|Q8V4U9|A28_MONPZ,SIRKFNTMRQCID,13,QCIDFTF,0.46954024
13mer|103|IRKFNTMRQCIDF|sp|Q8V4U9|A28_MONPZ,IRKFNTMRQCIDF,13,CIDFTFS,0.36776197
13mer|104|RKFNTMRQCIDFT|sp|Q8V4U9|A28_MONPZ,RKFNTMRQCIDFT,13,IDFTFSD,0.22724596
13mer|105|KFNTMRQCIDFTF|sp|Q8V4U9|A28_MONPZ,KFNTMRQCIDFTF,13,DFTFSDV,0.4091508
13mer|106|FNTMRQCIDFTFS|sp|Q8V4U9|A28_MONPZ,FNTMRQCIDFTFS,13,FTFSDVI,0.2436603
13mer|107|NTMRQCIDFTFSD|sp|Q8V4U9|A28_MONPZ,NTMRQCIDFTFSD,13,TFSDVIN,0.38892716
13mer|108|TMRQCIDFTFSDV|sp|Q8V4U9|A28_MONPZ,TMRQCIDFTFSDV,13,FSDVINI,0.3769114
13mer|109|MRQCIDFTFSDVI|sp|Q8V4U9|A28_MONPZ,MRQCIDFTFSDVI,13,SDVINID,0.23806842
13mer|110|RQCIDFTFSDVIN|sp|Q8V4U9|A28_MONPZ,RQCIDFTFSDVIN,13,DVINIDI,0.5197039
13mer|111|QCIDFTFSDVINI|sp|Q8V4U9|A28_MONPZ,QCIDFTFSDVINI,13,VINIDIY,0.18057284
13mer|112|CIDFTFSDVINID|sp|Q8V4U9|A28_MONPZ,CIDFTFSDVINID,13,INIDIYN,0.49663547
13mer|113|IDFTFSDVINIDI|sp|Q8V4U9|A28_MONPZ,IDFTFSDVINIDI,13,NIDIYNP,0.16770893
13mer|114|DFTFSDVINIDIY|sp|Q8V4U9|A28_MONPZ,DFTFSDVINIDIY,13,IDIYNPC,0.3036939
13mer|115|FTFSDVINIDIYN|sp|Q8V4U9|A28_MONPZ,FTFSDVINIDIYN,13,DIYNPCI,0.21336216
13mer|116|TFSDVINIDIYNP|sp|Q8V4U9|A28_MONPZ,TFSDVINIDIYNP,13,IYNPCIA,0.2942417
13mer|117|FSDVINIDIYNPC|sp|Q8V4U9|A28_MONPZ,FSDVINIDIYNPC,13,YNPCIAP,0.21835807
13mer|118|SDVINIDIYNPCI|sp|Q8V4U9|A28_MONPZ,SDVINIDIYNPCI,13,NPCIAPN,0.11542123
13mer|119|DVINIDIYNPCIA|sp|Q8V4U9|A28_MONPZ,DVINIDIYNPCIA,13,PCIAPNI,0.2038879
13mer|120|VINIDIYNPCIAP|sp|Q8V4U9|A28_MONPZ,VINIDIYNPCIAP,13,CIAPNIN,0.16859455
13mer|121|INIDIYNPCIAPN|sp|Q8V4U9|A28_MONPZ,INIDIYNPCIAPN,13,IAPNINN,0.60737765
13mer|122|NIDIYNPCIAPNI|sp|Q8V4U9|A28_MONPZ,NIDIYNPCIAPNI,13,APNINNT,0.12046701
13mer|123|IDIYNPCIAPNIN|sp|Q8V4U9|A28_MONPZ,IDIYNPCIAPNIN,13,PNINNTE,0.4099451
13mer|124|DIYNPCIAPNINN|sp|Q8V4U9|A28_MONPZ,DIYNPCIAPNINN,13,NINNTEC,0.27029237
13mer|125|IYNPCIAPNINNT|sp|Q8V4U9|A28_MONPZ,IYNPCIAPNINNT,13,INNTECQ,0.28212407
13mer|126|YNPCIAPNINNTE|sp|Q8V4U9|A28_MONPZ,YNPCIAPNINNTE,13,NNTECQF,0.6339825
13mer|127|NPCIAPNINNTEC|sp|Q8V4U9|A28_MONPZ,NPCIAPNINNTEC,13,NTECQFL,0.074205324
13mer|128|PCIAPNINNTECQ|sp|Q8V4U9|A28_MONPZ,PCIAPNINNTECQ,13,TECQFLK,0.31574163
13mer|129|CIAPNINNTECQF|sp|Q8V4U9|A28_MONPZ,CIAPNINNTECQF,13,ECQFLKS,0.42194724
13mer|130|IAPNINNTECQFL|sp|Q8V4U9|A28_MONPZ,IAPNINNTECQFL,13,CQFLKSV,0.24802376
13mer|131|APNINNTECQFLK|sp|Q8V4U9|A28_MONPZ,APNINNTECQFLK,13,QFLKSVL,0.32755625
14mer|1|MNSLSIFFIVVATA|sp|Q8V4U9|A28_MONPZ,MNSLSIFFIVVATA,14,VATAAVC,0.29562464
14mer|2|NSLSIFFIVVATAA|sp|Q8V4U9|A28_MONPZ,NSLSIFFIVVATAA,14,ATAAVCL,0.3414698
14mer|3|SLSIFFIVVATAAV|sp|Q8V4U9|A28_MONPZ,SLSIFFIVVATAAV,14,TAAVCLL,0.35436776
14mer|4|LSIFFIVVATAAVC|sp|Q8V4U9|A28_MONPZ,LSIFFIVVATAAVC,14,AAVCLLF,0.14856349
14mer|5|SIFFIVVATAAVCL|sp|Q8V4U9|A28_MONPZ,SIFFIVVATAAVCL,14,AVCLLFI,0.38424844
14mer|6|IFFIVVATAAVCLL|sp|Q8V4U9|A28_MONPZ,IFFIVVATAAVCLL,14,VCLLFIQ,0.3293629
14mer|7|FFIVVATAAVCLLF|sp|Q8V4U9|A28_MONPZ,FFIVVATAAVCLLF,14,CLLFIQS,0.38671386
14mer|8|FIVVATAAVCLLFI|sp|Q8V4U9|A28_MONPZ,FIVVATAAVCLLFI,14,LLFIQSY,0.11868274
14mer|9|IVVATAAVCLLFIQ|sp|Q8V4U9|A28_MONPZ,IVVATAAVCLLFIQ,14,LFIQSYS,0.4495869
14mer|10|VVATAAVCLLFIQS|sp|Q8V4U9|A28_MONPZ,VVATAAVCLLFIQS,14,FIQSYSI,0.3331393
14mer|11|VATAAVCLLFIQSY|sp|Q8V4U9|A28_MONPZ,VATAAVCLLFIQSY,14,IQSYSIY,0.34105435
14mer|12|ATAAVCLLFIQSYS|sp|Q8V4U9|A28_MONPZ,ATAAVCLLFIQSYS,14,QSYSIYE,0.37151426
14mer|13|TAAVCLLFIQSYSI|sp|Q8V4U9|A28_MONPZ,TAAVCLLFIQSYSI,14,SYSIYEN,0.16109182
14mer|14|AAVCLLFIQSYSIY|sp|Q8V4U9|A28_MONPZ,AAVCLLFIQSYSIY,14,YSIYENY,0.32860804
14mer|15|AVCLLFIQSYSIYE|sp|Q8V4U9|A28_MONPZ,AVCLLFIQSYSIYE,14,SIYENYG,0.30434906
14mer|16|VCLLFIQSYSIYEN|sp|Q8V4U9|A28_MONPZ,VCLLFIQSYSIYEN,14,IYENYGN,0.25219232
14mer|17|CLLFIQSYSIYENY|sp|Q8V4U9|A28_MONPZ,CLLFIQSYSIYENY,14,YENYGNI,0.49741527
14mer|18|LLFIQSYSIYENYG|sp|Q8V4U9|A28_MONPZ,LLFIQSYSIYENYG,14,ENYGNIK,0.33845434
14mer|19|LFIQSYSIYENYGN|sp|Q8V4U9|A28_MONPZ,LFIQSYSIYENYGN,14,NYGNIKE,0.26497617
14mer|20|FIQSYSIYENYGNI|sp|Q8V4U9|A28_MONPZ,FIQSYSIYENYGNI,14,YGNIKEF,0.15159677
14mer|21|IQSYSIYENYGNIK|sp|Q8V4U9|A28_MONPZ,IQSYSIYENYGNIK,14,GNIKEFN,0.4850307
14mer|22|QSYSIYENYGNIKE|sp|Q8V4U9|A28_MONPZ,QSYSIYENYGNIKE,14,NIKEFNA,0.41334367
14mer|23|SYSIYENYGNIKEF|sp|Q8V4U9|A28_MONPZ,SYSIYENYGNIKEF,14,IKEFNAT,0.25954905
14mer|24|YSIYENYGNIKEFN|sp|Q8V4U9|A28_MONPZ,YSIYENYGNIKEFN,14,KEFNATH,0.4056601
14mer|25|SIYENYGNIKEFNA|sp|Q8V4U9|A28_MONPZ,SIYENYGNIKEFNA,14,EFNATHA,0.15653083
14mer|26|IYENYGNIKEFNAT|sp|Q8V4U9|A28_MONPZ,IYENYGNIKEFNAT,14,FNATHAA,0.33397752
14mer|27|YENYGNIKEFNATH|sp|Q8V4U9|A28_MONPZ,YENYGNIKEFNATH,14,NATHAAF,0.36290672
14mer|28|ENYGNIKEFNATHA|sp|Q8V4U9|A28_MONPZ,ENYGNIKEFNATHA,14,ATHAAFE,0.30689976
14mer|29|NYGNIKEFNATHAA|sp|Q8V4U9|A28_MONPZ,NYGNIKEFNATHAA,14,THAAFEY,0.32619998
14mer|30|YGNIKEFNATHAAF|sp|Q8V4U9|A28_MONPZ,YGNIKEFNATHAAF,14,HAAFEYS,0.32642066
14mer|31|GNIKEFNATHAAFE|sp|Q8V4U9|A28_MONPZ,GNIKEFNATHAAFE,14,AAFEYSK,0.43639836
14mer|32|NIKEFNATHAAFEY|sp|Q8V4U9|A28_MONPZ,NIKEFNATHAAFEY,14,AFEYSKS,0.3152996
14mer|33|IKEFNATHAAFEYS|sp|Q8V4U9|A28_MONPZ,IKEFNATHAAFEYS,14,FEYSKSI,0.20252728
14mer|34|KEFNATHAAFEYSK|sp|Q8V4U9|A28_MONPZ,KEFNATHAAFEYSK,14,EYSKSIG,0.31992412
14mer|35|EFNATHAAFEYSKS|sp|Q8V4U9|A28_MONPZ,EFNATHAAFEYSKS,14,YSKSIGG,0.45870692
14mer|36|FNATHAAFEYSKSI|sp|Q8V4U9|A28_MONPZ,FNATHAAFEYSKSI,14,SKSIGGT,0.15377069
14mer|37|NATHAAFEYSKSIG|sp|Q8V4U9|A28_MONPZ,NATHAAFEYSKSIG,14,KSIGGTP,0.5307834
14mer|38|ATHAAFEYSKSIGG|sp|Q8V4U9|A28_MONPZ,ATHAAFEYSKSIGG,14,SIGGTPA,0.26976705
14mer|39|THAAFEYSKSIGGT|sp|Q8V4U9|A28_MONPZ,THAAFEYSKSIGGT,14,IGGTPAL,0.12911844
14mer|40|HAAFEYSKSIGGTP|sp|Q8V4U9|A28_MONPZ,HAAFEYSKSIGGTP,14,GGTPALD,0.23997186
14mer|41|AAFEYSKSIGGTPA|sp|Q8V4U9|A28_MONPZ,AAFEYSKSIGGTPA,14,GTPALDR,0.56279147
14mer|42|AFEYSKSIGGTPAL|sp|Q8V4U9|A28_MONPZ,AFEYSKSIGGTPAL,14,TPALDRR,0.25703663
14mer|43|FEYSKSIGGTPALD|sp|Q8V4U9|A28_MONPZ,FEYSKSIGGTPALD,14,PALDRRV,0.2888856
14mer|44|EYSKSIGGTPALDR|sp|Q8V4U9|A28_MONPZ,EYSKSIGGTPALDR,14,ALDRRVQ,0.35522237
14mer|45|YSKSIGGTPALDRR|sp|Q8V4U9|A28_MONPZ,YSKSIGGTPALDRR,14,LDRRVQD,0.41441318
14mer|46|SKSIGGTPALDRRV|sp|Q8V4U9|A28_MONPZ,SKSIGGTPALDRRV,14,DRRVQDV,0.22058721
14mer|47|KSIGGTPALDRRVQ|sp|Q8V4U9|A28_MONPZ,KSIGGTPALDRRVQ,14,RRVQDVN,0.3902431
14mer|48|SIGGTPALDRRVQD|sp|Q8V4U9|A28_MONPZ,SIGGTPALDRRVQD,14,RVQDVND,0.3719576
14mer|49|IGGTPALDRRVQDV|sp|Q8V4U9|A28_MONPZ,IGGTPALDRRVQDV,14,VQDVNDT,0.19504601
14mer|50|GGTPALDRRVQDVN|sp|Q8V4U9|A28_MONPZ,GGTPALDRRVQDVN,14,QDVNDTI,0.396175
14mer|51|GTPALDRRVQDVND|sp|Q8V4U9|A28_MONPZ,GTPALDRRVQDVND,14,DVNDTIS,0.21118577
14mer|52|TPALDRRVQDVNDT|sp|Q8V4U9|A28_MONPZ,TPALDRRVQDVNDT,14,VNDTISD,0.4139269
14mer|53|PALDRRVQDVNDTI|sp|Q8V4U9|A28_MONPZ,PALDRRVQDVNDTI,14,NDTISDV,0.25851047
14mer|54|ALDRRVQDVNDTIS|sp|Q8V4U9|A28_MONPZ,ALDRRVQDVNDTIS,14,DTISDVK,0.2633757
14mer|55|LDRRVQDVNDTISD|sp|Q8V4U9|A28_MONPZ,LDRRVQDVNDTISD,14,TISDVKQ,0.41006202
14mer|56|DRRVQDVNDTISDV|sp|Q8V4U9|A28_MONPZ,DRRVQDVNDTISDV,14,ISDVKQK,0.24756233
14mer|57|RRVQDVNDTISDVK|sp|Q8V4U9|A28_MONPZ,RRVQDVNDTISDVK,14,SDVKQKW,0.39088508
14mer|58|RVQDVNDTISDVKQ|sp|Q8V4U9|A28_MONPZ,RVQDVNDTISDVKQ,14,DVKQKWR,0.4008862
14mer|59|VQDVNDTISDVKQK|sp|Q8V4U9|A28_MONPZ,VQDVNDTISDVKQK,14,VKQKWRC,0.3796742
14mer|60|QDVNDTISDVKQKW|sp|Q8V4U9|A28_MONPZ,QDVNDTISDVKQKW,14,KQKWRCV,0.27523166
14mer|61|DVNDTISDVKQKWR|sp|Q8V4U9|A28_MONPZ,DVNDTISDVKQKWR,14,QKWRCVV,0.56270146
14mer|62|VNDTISDVKQKWRC|sp|Q8V4U9|A28_MONPZ,VNDTISDVKQKWRC,14,KWRCVVY,0.1659239
14mer|63|NDTISDVKQKWRCV|sp|Q8V4U9|A28_MONPZ,NDTISDVKQKWRCV,14,WRCVVYP,0.3253924
14mer|64|DTISDVKQKWRCVV|sp|Q8V4U9|A28_MONPZ,DTISDVKQKWRCVV,14,RCVVYPG,0.39509425
14mer|65|TISDVKQKWRCVVY|sp|Q8V4U9|A28_MONPZ,TISDVKQKWRCVVY,14,CVVYPGN,0.14822823
14mer|66|ISDVKQKWRCVVYP|sp|Q8V4U9|A28_MONPZ,ISDVKQKWRCVVYP,14,VVYPGNG,0.19440624
14mer|67|SDVKQKWRCVVYPG|sp|Q8V4U9|A28_MONPZ,SDVKQKWRCVVYPG,14,VYPGNGF,0.538883
14mer|68|DVKQKWRCVVYPGN|sp|Q8V4U9|A28_MONPZ,DVKQKWRCVVYPGN,14,YPGNGFV,0.19179451
14mer|69|VKQKWRCVVYPGNG|sp|Q8V4U9|A28_MONPZ,VKQKWRCVVYPGNG,14,PGNGFVS,0.39082068
14mer|70|KQKWRCVVYPGNGF|sp|Q8V4U9|A28_MONPZ,KQKWRCVVYPGNGF,14,GNGFVSA,0.42387885
14mer|71|QKWRCVVYPGNGFV|sp|Q8V4U9|A28_MONPZ,QKWRCVVYPGNGFV,14,NGFVSAS,0.2044394
14mer|72|KWRCVVYPGNGFVS|sp|Q8V4U9|A28_MONPZ,KWRCVVYPGNGFVS,14,GFVSASI,0.39823338
14mer|73|WRCVVYPGNGFVSA|sp|Q8V4U9|A28_MONPZ,WRCVVYPGNGFVSA,14,FVSASIF,0.22237067
14mer|74|RCVVYPGNGFVSAS|sp|Q8V4U9|A28_MONPZ,RCVVYPGNGFVSAS,14,VSASIFG,0.33691618
14mer|75|CVVYPGNGFVSASI|sp|Q8V4U9|A28_MONPZ,CVVYPGNGFVSASI,14,SASIFGF,0.23426725
14mer|76|VVYPGNGFVSASIF|sp|Q8V4U9|A28_MONPZ,VVYPGNGFVSASIF,14,ASIFGFQ,0.39503407
14mer|77|VYPGNGFVSASIFG|sp|Q8V4U9|A28_MONPZ,VYPGNGFVSASIFG,14,SIFGFQA,0.38138685
14mer|78|YPGNGFVSASIFGF|sp|Q8V4U9|A28_MONPZ,YPGNGFVSASIFGF,14,IFGFQAE,0.2966305
14mer|79|PGNGFVSASIFGFQ|sp|Q8V4U9|A28_MONPZ,PGNGFVSASIFGFQ,14,FGFQAEV,0.3154556
14mer|80|GNGFVSASIFGFQA|sp|Q8V4U9|A28_MONPZ,GNGFVSASIFGFQA,14,GFQAEVG,0.21530822
14mer|81|NGFVSASIFGFQAE|sp|Q8V4U9|A28_MONPZ,NGFVSASIFGFQAE,14,FQAEVGP,0.38900918
14mer|82|GFVSASIFGFQAEV|sp|Q8V4U9|A28_MONPZ,GFVSASIFGFQAEV,14,QAEVGPN,0.17868544
14mer|83|FVSASIFGFQAEVG|sp|Q8V4U9|A28_MONPZ,FVSASIFGFQAEVG,14,AEVGPNN,0.25652236
14mer|84|VSASIFGFQAEVGP|sp|Q8V4U9|A28_MONPZ,VSASIFGFQAEVGP,14,EVGPNNT,0.13262135
14mer|85|SASIFGFQAEVGPN|sp|Q8V4U9|A28_MONPZ,SASIFGFQAEVGPN,14,VGPNNTR,0.6576467
14mer|86|ASIFGFQAEVGPNN|sp|Q8V4U9|A28_MONPZ,ASIFGFQAEVGPNN,14,GPNNTRS,0.22751985
14mer|87|SIFGFQAEVGPNNT|sp|Q8V4U9|A28_MONPZ,SIFGFQAEVGPNNT,14,PNNTRSI,0.33605498
14mer|88|IFGFQAEVGPNNTR|sp|Q8V4U9|A28_MONPZ,IFGFQAEVGPNNTR,14,NNTRSIR,0.30268914
14mer|89|FGFQAEVGPNNTRS|sp|Q8V4U9|A28_MONPZ,FGFQAEVGPNNTRS,14,NTRSIRK,0.37508613
14mer|90|GFQAEVGPNNTRSI|sp|Q8V4U9|A28_MONPZ,GFQAEVGPNNTRSI,14,TRSIRKF,0.33758703
14mer|91|FQAEVGPNNTRSIR|sp|Q8V4U9|A28_MONPZ,FQAEVGPNNTRSIR,14,RSIRKFN,0.30735675
14mer|92|QAEVGPNNTRSIRK|sp|Q8V4U9|A28_MONPZ,QAEVGPNNTRSIRK,14,SIRKFNT,0.3796388
14mer|93|AEVGPNNTRSIRKF|sp|Q8V4U9|A28_MONPZ,AEVGPNNTRSIRKF,14,IRKFNTM,0.29394406
14mer|94|EVGPNNTRSIRKFN|sp|Q8V4U9|A28_MONPZ,EVGPNNTRSIRKFN,14,RKFNTMR,0.30478296
14mer|95|VGPNNTRSIRKFNT|sp|Q8V4U9|A28_MONPZ,VGPNNTRSIRKFNT,14,KFNTMRQ,0.30042633
14mer|96|GPNNTRSIRKFNTM|sp|Q8V4U9|A28_MONPZ,GPNNTRSIRKFNTM,14,FNTMRQC,0.25862336
14mer|97|PNNTRSIRKFNTMR|sp|Q8V4U9|A28_MONPZ,PNNTRSIRKFNTMR,14,NTMRQCI,0.32662255
14mer|98|NNTRSIRKFNTMRQ|sp|Q8V4U9|A28_MONPZ,NNTRSIRKFNTMRQ,14,TMRQCID,0.5120855
14mer|99|NTRSIRKFNTMRQC|sp|Q8V4U9|A28_MONPZ,NTRSIRKFNTMRQC,14,MRQCIDF,0.15220995
14mer|100|TRSIRKFNTMRQCI|sp|Q8V4U9|A28_MONPZ,TRSIRKFNTMRQCI,14,RQCIDFT,0.17297757
14mer|101|RSIRKFNTMRQCID|sp|Q8V4U9|A28_MONPZ,RSIRKFNTMRQCID,14,QCIDFTF,0.46954024
14mer|102|SIRKFNTMRQCIDF|sp|Q8V4U9|A28_MONPZ,SIRKFNTMRQCIDF,14,CIDFTFS,0.36776197
14mer|103|IRKFNTMRQCIDFT|sp|Q8V4U9|A28_MONPZ,IRKFNTMRQCIDFT,14,IDFTFSD,0.22724596
14mer|104|RKFNTMRQCIDFTF|sp|Q8V4U9|A28_MONPZ,RKFNTMRQCIDFTF,14,DFTFSDV,0.4091508
14mer|105|KFNTMRQCIDFTFS|sp|Q8V4U9|A28_MONPZ,KFNTMRQCIDFTFS,14,FTFSDVI,0.2436603
14mer|106|FNTMRQCIDFTFSD|sp|Q8V4U9|A28_MONPZ,FNTMRQCIDFTFSD,14,TFSDVIN,0.38892716
14mer|107|NTMRQCIDFTFSDV|sp|Q8V4U9|A28_MONPZ,NTMRQCIDFTFSDV,14,FSDVINI,0.3769114
14mer|108|TMRQCIDFTFSDVI|sp|Q8V4U9|A28_MONPZ,TMRQCIDFTFSDVI,14,SDVINID,0.23806842
14mer|109|MRQCIDFTFSDVIN|sp|Q8V4U9|A28_MONPZ,MRQCIDFTFSDVIN,14,DVINIDI,0.5197039
14mer|110|RQCIDFTFSDVINI|sp|Q8V4U9|A28_MONPZ,RQCIDFTFSDVINI,14,VINIDIY,0.18057284
14mer|111|QCIDFTFSDVINID|sp|Q8V4U9|A28_MONPZ,QCIDFTFSDVINID,14,INIDIYN,0.49663547
14mer|112|CIDFTFSDVINIDI|sp|Q8V4U9|A28_MONPZ,CIDFTFSDVINIDI,14,NIDIYNP,0.16770893
14mer|113|IDFTFSDVINIDIY|sp|Q8V4U9|A28_MONPZ,IDFTFSDVINIDIY,14,IDIYNPC,0.3036939
14mer|114|DFTFSDVINIDIYN|sp|Q8V4U9|A28_MONPZ,DFTFSDVINIDIYN,14,DIYNPCI,0.21336216
14mer|115|FTFSDVINIDIYNP|sp|Q8V4U9|A28_MONPZ,FTFSDVINIDIYNP,14,IYNPCIA,0.2942417
14mer|116|TFSDVINIDIYNPC|sp|Q8V4U9|A28_MONPZ,TFSDVINIDIYNPC,14,YNPCIAP,0.21835807
14mer|117|FSDVINIDIYNPCI|sp|Q8V4U9|A28_MONPZ,FSDVINIDIYNPCI,14,NPCIAPN,0.11542123
14mer|118|SDVINIDIYNPCIA|sp|Q8V4U9|A28_MONPZ,SDVINIDIYNPCIA,14,PCIAPNI,0.2038879
14mer|119|DVINIDIYNPCIAP|sp|Q8V4U9|A28_MONPZ,DVINIDIYNPCIAP,14,CIAPNIN,0.16859455
14mer|120|VINIDIYNPCIAPN|sp|Q8V4U9|A28_MONPZ,VINIDIYNPCIAPN,14,IAPNINN,0.60737765
14mer|121|INIDIYNPCIAPNI|sp|Q8V4U9|A28_MONPZ,INIDIYNPCIAPNI,14,APNINNT,0.12046701
14mer|122|NIDIYNPCIAPNIN|sp|Q8V4U9|A28_MONPZ,NIDIYNPCIAPNIN,14,PNINNTE,0.4099451
14mer|123|IDIYNPCIAPNINN|sp|Q8V4U9|A28_MONPZ,IDIYNPCIAPNINN,14,NINNTEC,0.27029237
14mer|124|DIYNPCIAPNINNT|sp|Q8V4U9|A28_MONPZ,DIYNPCIAPNINNT,14,INNTECQ,0.28212407
14mer|125|IYNPCIAPNINNTE|sp|Q8V4U9|A28_MONPZ,IYNPCIAPNINNTE,14,NNTECQF,0.6339825
14mer|126|YNPCIAPNINNTEC|sp|Q8V4U9|A28_MONPZ,YNPCIAPNINNTEC,14,NTECQFL,0.074205324
14mer|127|NPCIAPNINNTECQ|sp|Q8V4U9|A28_MONPZ,NPCIAPNINNTECQ,14,TECQFLK,0.31574163
14mer|128|PCIAPNINNTECQF|sp|Q8V4U9|A28_MONPZ,PCIAPNINNTECQF,14,ECQFLKS,0.42194724
14mer|129|CIAPNINNTECQFL|sp|Q8V4U9|A28_MONPZ,CIAPNINNTECQFL,14,CQFLKSV,0.24802376
14mer|130|IAPNINNTECQFLK|sp|Q8V4U9|A28_MONPZ,IAPNINNTECQFLK,14,QFLKSVL,0.32755625
15mer|1|MNSLSIFFIVVATAA|sp|Q8V4U9|A28_MONPZ,MNSLSIFFIVVATAA,15,ATAAVCL,0.3414698
15mer|2|NSLSIFFIVVATAAV|sp|Q8V4U9|A28_MONPZ,NSLSIFFIVVATAAV,15,TAAVCLL,0.35436776
15mer|3|SLSIFFIVVATAAVC|sp|Q8V4U9|A28_MONPZ,SLSIFFIVVATAAVC,15,AAVCLLF,0.14856349
15mer|4|LSIFFIVVATAAVCL|sp|Q8V4U9|A28_MONPZ,LSIFFIVVATAAVCL,15,AVCLLFI,0.38424844
15mer|5|SIFFIVVATAAVCLL|sp|Q8V4U9|A28_MONPZ,SIFFIVVATAAVCLL,15,VCLLFIQ,0.3293629
15mer|6|IFFIVVATAAVCLLF|sp|Q8V4U9|A28_MONPZ,IFFIVVATAAVCLLF,15,CLLFIQS,0.38671386
15mer|7|FFIVVATAAVCLLFI|sp|Q8V4U9|A28_MONPZ,FFIVVATAAVCLLFI,15,LLFIQSY,0.11868274
15mer|8|FIVVATAAVCLLFIQ|sp|Q8V4U9|A28_MONPZ,FIVVATAAVCLLFIQ,15,LFIQSYS,0.4495869
15mer|9|IVVATAAVCLLFIQS|sp|Q8V4U9|A28_MONPZ,IVVATAAVCLLFIQS,15,FIQSYSI,0.3331393
15mer|10|VVATAAVCLLFIQSY|sp|Q8V4U9|A28_MONPZ,VVATAAVCLLFIQSY,15,IQSYSIY,0.34105435
15mer|11|VATAAVCLLFIQSYS|sp|Q8V4U9|A28_MONPZ,VATAAVCLLFIQSYS,15,QSYSIYE,0.37151426
15mer|12|ATAAVCLLFIQSYSI|sp|Q8V4U9|A28_MONPZ,ATAAVCLLFIQSYSI,15,SYSIYEN,0.16109182
15mer|13|TAAVCLLFIQSYSIY|sp|Q8V4U9|A28_MONPZ,TAAVCLLFIQSYSIY,15,YSIYENY,0.32860804
15mer|14|AAVCLLFIQSYSIYE|sp|Q8V4U9|A28_MONPZ,AAVCLLFIQSYSIYE,15,SIYENYG,0.30434906
15mer|15|AVCLLFIQSYSIYEN|sp|Q8V4U9|A28_MONPZ,AVCLLFIQSYSIYEN,15,IYENYGN,0.25219232
15mer|16|VCLLFIQSYSIYENY|sp|Q8V4U9|A28_MONPZ,VCLLFIQSYSIYENY,15,YENYGNI,0.49741527
15mer|17|CLLFIQSYSIYENYG|sp|Q8V4U9|A28_MONPZ,CLLFIQSYSIYENYG,15,ENYGNIK,0.33845434
15mer|18|LLFIQSYSIYENYGN|sp|Q8V4U9|A28_MONPZ,LLFIQSYSIYENYGN,15,NYGNIKE,0.26497617
15mer|19|LFIQSYSIYENYGNI|sp|Q8V4U9|A28_MONPZ,LFIQSYSIYENYGNI,15,YGNIKEF,0.15159677
15mer|20|FIQSYSIYENYGNIK|sp|Q8V4U9|A28_MONPZ,FIQSYSIYENYGNIK,15,GNIKEFN,0.4850307
15mer|21|IQSYSIYENYGNIKE|sp|Q8V4U9|A28_MONPZ,IQSYSIYENYGNIKE,15,NIKEFNA,0.41334367
15mer|22|QSYSIYENYGNIKEF|sp|Q8V4U9|A28_MONPZ,QSYSIYENYGNIKEF,15,IKEFNAT,0.25954905
15mer|23|SYSIYENYGNIKEFN|sp|Q8V4U9|A28_MONPZ,SYSIYENYGNIKEFN,15,KEFNATH,0.4056601
15mer|24|YSIYENYGNIKEFNA|sp|Q8V4U9|A28_MONPZ,YSIYENYGNIKEFNA,15,EFNATHA,0.15653083
15mer|25|SIYENYGNIKEFNAT|sp|Q8V4U9|A28_MONPZ,SIYENYGNIKEFNAT,15,FNATHAA,0.33397752
15mer|26|IYENYGNIKEFNATH|sp|Q8V4U9|A28_MONPZ,IYENYGNIKEFNATH,15,NATHAAF,0.36290672
15mer|27|YENYGNIKEFNATHA|sp|Q8V4U9|A28_MONPZ,YENYGNIKEFNATHA,15,ATHAAFE,0.30689976
15mer|28|ENYGNIKEFNATHAA|sp|Q8V4U9|A28_MONPZ,ENYGNIKEFNATHAA,15,THAAFEY,0.32619998
15mer|29|NYGNIKEFNATHAAF|sp|Q8V4U9|A28_MONPZ,NYGNIKEFNATHAAF,15,HAAFEYS,0.32642066
15mer|30|YGNIKEFNATHAAFE|sp|Q8V4U9|A28_MONPZ,YGNIKEFNATHAAFE,15,AAFEYSK,0.43639836
15mer|31|GNIKEFNATHAAFEY|sp|Q8V4U9|A28_MONPZ,GNIKEFNATHAAFEY,15,AFEYSKS,0.3152996
15mer|32|NIKEFNATHAAFEYS|sp|Q8V4U9|A28_MONPZ,NIKEFNATHAAFEYS,15,FEYSKSI,0.20252728
15mer|33|IKEFNATHAAFEYSK|sp|Q8V4U9|A28_MONPZ,IKEFNATHAAFEYSK,15,EYSKSIG,0.31992412
15mer|34|KEFNATHAAFEYSKS|sp|Q8V4U9|A28_MONPZ,KEFNATHAAFEYSKS,15,YSKSIGG,0.45870692
15mer|35|EFNATHAAFEYSKSI|sp|Q8V4U9|A28_MONPZ,EFNATHAAFEYSKSI,15,SKSIGGT,0.15377069
15mer|36|FNATHAAFEYSKSIG|sp|Q8V4U9|A28_MONPZ,FNATHAAFEYSKSIG,15,KSIGGTP,0.5307834
15mer|37|NATHAAFEYSKSIGG|sp|Q8V4U9|A28_MONPZ,NATHAAFEYSKSIGG,15,SIGGTPA,0.26976705
15mer|38|ATHAAFEYSKSIGGT|sp|Q8V4U9|A28_MONPZ,ATHAAFEYSKSIGGT,15,IGGTPAL,0.12911844
15mer|39|THAAFEYSKSIGGTP|sp|Q8V4U9|A28_MONPZ,THAAFEYSKSIGGTP,15,GGTPALD,0.23997186
15mer|40|HAAFEYSKSIGGTPA|sp|Q8V4U9|A28_MONPZ,HAAFEYSKSIGGTPA,15,GTPALDR,0.56279147
15mer|41|AAFEYSKSIGGTPAL|sp|Q8V4U9|A28_MONPZ,AAFEYSKSIGGTPAL,15,TPALDRR,0.25703663
15mer|42|AFEYSKSIGGTPALD|sp|Q8V4U9|A28_MONPZ,AFEYSKSIGGTPALD,15,PALDRRV,0.2888856
15mer|43|FEYSKSIGGTPALDR|sp|Q8V4U9|A28_MONPZ,FEYSKSIGGTPALDR,15,ALDRRVQ,0.35522237
15mer|44|EYSKSIGGTPALDRR|sp|Q8V4U9|A28_MONPZ,EYSKSIGGTPALDRR,15,LDRRVQD,0.41441318
15mer|45|YSKSIGGTPALDRRV|sp|Q8V4U9|A28_MONPZ,YSKSIGGTPALDRRV,15,DRRVQDV,0.22058721
15mer|46|SKSIGGTPALDRRVQ|sp|Q8V4U9|A28_MONPZ,SKSIGGTPALDRRVQ,15,RRVQDVN,0.3902431
15mer|47|KSIGGTPALDRRVQD|sp|Q8V4U9|A28_MONPZ,KSIGGTPALDRRVQD,15,RVQDVND,0.3719576
15mer|48|SIGGTPALDRRVQDV|sp|Q8V4U9|A28_MONPZ,SIGGTPALDRRVQDV,15,VQDVNDT,0.19504601
15mer|49|IGGTPALDRRVQDVN|sp|Q8V4U9|A28_MONPZ,IGGTPALDRRVQDVN,15,QDVNDTI,0.396175
15mer|50|GGTPALDRRVQDVND|sp|Q8V4U9|A28_MONPZ,GGTPALDRRVQDVND,15,DVNDTIS,0.21118577
15mer|51|GTPALDRRVQDVNDT|sp|Q8V4U9|A28_MONPZ,GTPALDRRVQDVNDT,15,VNDTISD,0.4139269
15mer|52|TPALDRRVQDVNDTI|sp|Q8V4U9|A28_MONPZ,TPALDRRVQDVNDTI,15,NDTISDV,0.25851047
15mer|53|PALDRRVQDVNDTIS|sp|Q8V4U9|A28_MONPZ,PALDRRVQDVNDTIS,15,DTISDVK,0.2633757
15mer|54|ALDRRVQDVNDTISD|sp|Q8V4U9|A28_MONPZ,ALDRRVQDVNDTISD,15,TISDVKQ,0.41006202
15mer|55|LDRRVQDVNDTISDV|sp|Q8V4U9|A28_MONPZ,LDRRVQDVNDTISDV,15,ISDVKQK,0.24756233
15mer|56|DRRVQDVNDTISDVK|sp|Q8V4U9|A28_MONPZ,DRRVQDVNDTISDVK,15,SDVKQKW,0.39088508
15mer|57|RRVQDVNDTISDVKQ|sp|Q8V4U9|A28_MONPZ,RRVQDVNDTISDVKQ,15,DVKQKWR,0.4008862
15mer|58|RVQDVNDTISDVKQK|sp|Q8V4U9|A28_MONPZ,RVQDVNDTISDVKQK,15,VKQKWRC,0.3796742
15mer|59|VQDVNDTISDVKQKW|sp|Q8V4U9|A28_MONPZ,VQDVNDTISDVKQKW,15,KQKWRCV,0.27523166
15mer|60|QDVNDTISDVKQKWR|sp|Q8V4U9|A28_MONPZ,QDVNDTISDVKQKWR,15,QKWRCVV,0.56270146
15mer|61|DVNDTISDVKQKWRC|sp|Q8V4U9|A28_MONPZ,DVNDTISDVKQKWRC,15,KWRCVVY,0.1659239
15mer|62|VNDTISDVKQKWRCV|sp|Q8V4U9|A28_MONPZ,VNDTISDVKQKWRCV,15,WRCVVYP,0.3253924
15mer|63|NDTISDVKQKWRCVV|sp|Q8V4U9|A28_MONPZ,NDTISDVKQKWRCVV,15,RCVVYPG,0.39509425
15mer|64|DTISDVKQKWRCVVY|sp|Q8V4U9|A28_MONPZ,DTISDVKQKWRCVVY,15,CVVYPGN,0.14822823
15mer|65|TISDVKQKWRCVVYP|sp|Q8V4U9|A28_MONPZ,TISDVKQKWRCVVYP,15,VVYPGNG,0.19440624
15mer|66|ISDVKQKWRCVVYPG|sp|Q8V4U9|A28_MONPZ,ISDVKQKWRCVVYPG,15,VYPGNGF,0.538883
15mer|67|SDVKQKWRCVVYPGN|sp|Q8V4U9|A28_MONPZ,SDVKQKWRCVVYPGN,15,YPGNGFV,0.19179451
15mer|68|DVKQKWRCVVYPGNG|sp|Q8V4U9|A28_MONPZ,DVKQKWRCVVYPGNG,15,PGNGFVS,0.39082068
15mer|69|VKQKWRCVVYPGNGF|sp|Q8V4U9|A28_MONPZ,VKQKWRCVVYPGNGF,15,GNGFVSA,0.42387885
15mer|70|KQKWRCVVYPGNGFV|sp|Q8V4U9|A28_MONPZ,KQKWRCVVYPGNGFV,15,NGFVSAS,0.2044394
15mer|71|QKWRCVVYPGNGFVS|sp|Q8V4U9|A28_MONPZ,QKWRCVVYPGNGFVS,15,GFVSASI,0.39823338
15mer|72|KWRCVVYPGNGFVSA|sp|Q8V4U9|A28_MONPZ,KWRCVVYPGNGFVSA,15,FVSASIF,0.22237067
15mer|73|WRCVVYPGNGFVSAS|sp|Q8V4U9|A28_MONPZ,WRCVVYPGNGFVSAS,15,VSASIFG,0.33691618
15mer|74|RCVVYPGNGFVSASI|sp|Q8V4U9|A28_MONPZ,RCVVYPGNGFVSASI,15,SASIFGF,0.23426725
15mer|75|CVVYPGNGFVSASIF|sp|Q8V4U9|A28_MONPZ,CVVYPGNGFVSASIF,15,ASIFGFQ,0.39503407
15mer|76|VVYPGNGFVSASIFG|sp|Q8V4U9|A28_MONPZ,VVYPGNGFVSASIFG,15,SIFGFQA,0.38138685
15mer|77|VYPGNGFVSASIFGF|sp|Q8V4U9|A28_MONPZ,VYPGNGFVSASIFGF,15,IFGFQAE,0.2966305
15mer|78|YPGNGFVSASIFGFQ|sp|Q8V4U9|A28_MONPZ,YPGNGFVSASIFGFQ,15,FGFQAEV,0.3154556
15mer|79|PGNGFVSASIFGFQA|sp|Q8V4U9|A28_MONPZ,PGNGFVSASIFGFQA,15,GFQAEVG,0.21530822
15mer|80|GNGFVSASIFGFQAE|sp|Q8V4U9|A28_MONPZ,GNGFVSASIFGFQAE,15,FQAEVGP,0.38900918
15mer|81|NGFVSASIFGFQAEV|sp|Q8V4U9|A28_MONPZ,NGFVSASIFGFQAEV,15,QAEVGPN,0.17868544
15mer|82|GFVSASIFGFQAEVG|sp|Q8V4U9|A28_MONPZ,GFVSASIFGFQAEVG,15,AEVGPNN,0.25652236
15mer|83|FVSASIFGFQAEVGP|sp|Q8V4U9|A28_MONPZ,FVSASIFGFQAEVGP,15,EVGPNNT,0.13262135
15mer|84|VSASIFGFQAEVGPN|sp|Q8V4U9|A28_MONPZ,VSASIFGFQAEVGPN,15,VGPNNTR,0.6576467
15mer|85|SASIFGFQAEVGPNN|sp|Q8V4U9|A28_MONPZ,SASIFGFQAEVGPNN,15,GPNNTRS,0.22751985
15mer|86|ASIFGFQAEVGPNNT|sp|Q8V4U9|A28_MONPZ,ASIFGFQAEVGPNNT,15,PNNTRSI,0.33605498
15mer|87|SIFGFQAEVGPNNTR|sp|Q8V4U9|A28_MONPZ,SIFGFQAEVGPNNTR,15,NNTRSIR,0.30268914
15mer|88|IFGFQAEVGPNNTRS|sp|Q8V4U9|A28_MONPZ,IFGFQAEVGPNNTRS,15,NTRSIRK,0.37508613
15mer|89|FGFQAEVGPNNTRSI|sp|Q8V4U9|A28_MONPZ,FGFQAEVGPNNTRSI,15,TRSIRKF,0.33758703
15mer|90|GFQAEVGPNNTRSIR|sp|Q8V4U9|A28_MONPZ,GFQAEVGPNNTRSIR,15,RSIRKFN,0.30735675
15mer|91|FQAEVGPNNTRSIRK|sp|Q8V4U9|A28_MONPZ,FQAEVGPNNTRSIRK,15,SIRKFNT,0.3796388
15mer|92|QAEVGPNNTRSIRKF|sp|Q8V4U9|A28_MONPZ,QAEVGPNNTRSIRKF,15,IRKFNTM,0.29394406
15mer|93|AEVGPNNTRSIRKFN|sp|Q8V4U9|A28_MONPZ,AEVGPNNTRSIRKFN,15,RKFNTMR,0.30478296
15mer|94|EVGPNNTRSIRKFNT|sp|Q8V4U9|A28_MONPZ,EVGPNNTRSIRKFNT,15,KFNTMRQ,0.30042633
15mer|95|VGPNNTRSIRKFNTM|sp|Q8V4U9|A28_MONPZ,VGPNNTRSIRKFNTM,15,FNTMRQC,0.25862336
15mer|96|GPNNTRSIRKFNTMR|sp|Q8V4U9|A28_MONPZ,GPNNTRSIRKFNTMR,15,NTMRQCI,0.32662255
15mer|97|PNNTRSIRKFNTMRQ|sp|Q8V4U9|A28_MONPZ,PNNTRSIRKFNTMRQ,15,TMRQCID,0.5120855
15mer|98|NNTRSIRKFNTMRQC|sp|Q8V4U9|A28_MONPZ,NNTRSIRKFNTMRQC,15,MRQCIDF,0.15220995
15mer|99|NTRSIRKFNTMRQCI|sp|Q8V4U9|A28_MONPZ,NTRSIRKFNTMRQCI,15,RQCIDFT,0.17297757
15mer|100|TRSIRKFNTMRQCID|sp|Q8V4U9|A28_MONPZ,TRSIRKFNTMRQCID,15,QCIDFTF,0.46954024
15mer|101|RSIRKFNTMRQCIDF|sp|Q8V4U9|A28_MONPZ,RSIRKFNTMRQCIDF,15,CIDFTFS,0.36776197
15mer|102|SIRKFNTMRQCIDFT|sp|Q8V4U9|A28_MONPZ,SIRKFNTMRQCIDFT,15,IDFTFSD,0.22724596
15mer|103|IRKFNTMRQCIDFTF|sp|Q8V4U9|A28_MONPZ,IRKFNTMRQCIDFTF,15,DFTFSDV,0.4091508
15mer|104|RKFNTMRQCIDFTFS|sp|Q8V4U9|A28_MONPZ,RKFNTMRQCIDFTFS,15,FTFSDVI,0.2436603
15mer|105|KFNTMRQCIDFTFSD|sp|Q8V4U9|A28_MONPZ,KFNTMRQCIDFTFSD,15,TFSDVIN,0.38892716
15mer|106|FNTMRQCIDFTFSDV|sp|Q8V4U9|A28_MONPZ,FNTMRQCIDFTFSDV,15,FSDVINI,0.3769114
15mer|107|NTMRQCIDFTFSDVI|sp|Q8V4U9|A28_MONPZ,NTMRQCIDFTFSDVI,15,SDVINID,0.23806842
15mer|108|TMRQCIDFTFSDVIN|sp|Q8V4U9|A28_MONPZ,TMRQCIDFTFSDVIN,15,DVINIDI,0.5197039
15mer|109|MRQCIDFTFSDVINI|sp|Q8V4U9|A28_MONPZ,MRQCIDFTFSDVINI,15,VINIDIY,0.18057284
15mer|110|RQCIDFTFSDVINID|sp|Q8V4U9|A28_MONPZ,RQCIDFTFSDVINID,15,INIDIYN,0.49663547
15mer|111|QCIDFTFSDVINIDI|sp|Q8V4U9|A28_MONPZ,QCIDFTFSDVINIDI,15,NIDIYNP,0.16770893
15mer|112|CIDFTFSDVINIDIY|sp|Q8V4U9|A28_MONPZ,CIDFTFSDVINIDIY,15,IDIYNPC,0.3036939
15mer|113|IDFTFSDVINIDIYN|sp|Q8V4U9|A28_MONPZ,IDFTFSDVINIDIYN,15,DIYNPCI,0.21336216
15mer|114|DFTFSDVINIDIYNP|sp|Q8V4U9|A28_MONPZ,DFTFSDVINIDIYNP,15,IYNPCIA,0.2942417
15mer|115|FTFSDVINIDIYNPC|sp|Q8V4U9|A28_MONPZ,FTFSDVINIDIYNPC,15,YNPCIAP,0.21835807
15mer|116|TFSDVINIDIYNPCI|sp|Q8V4U9|A28_MONPZ,TFSDVINIDIYNPCI,15,NPCIAPN,0.11542123
15mer|117|FSDVINIDIYNPCIA|sp|Q8V4U9|A28_MONPZ,FSDVINIDIYNPCIA,15,PCIAPNI,0.2038879
15mer|118|SDVINIDIYNPCIAP|sp|Q8V4U9|A28_MONPZ,SDVINIDIYNPCIAP,15,CIAPNIN,0.16859455
15mer|119|DVINIDIYNPCIAPN|sp|Q8V4U9|A28_MONPZ,DVINIDIYNPCIAPN,15,IAPNINN,0.60737765
15mer|120|VINIDIYNPCIAPNI|sp|Q8V4U9|A28_MONPZ,VINIDIYNPCIAPNI,15,APNINNT,0.12046701
15mer|121|INIDIYNPCIAPNIN|sp|Q8V4U9|A28_MONPZ,INIDIYNPCIAPNIN,15,PNINNTE,0.4099451
15mer|122|NIDIYNPCIAPNINN|sp|Q8V4U9|A28_MONPZ,NIDIYNPCIAPNINN,15,NINNTEC,0.27029237
15mer|123|IDIYNPCIAPNINNT|sp|Q8V4U9|A28_MONPZ,IDIYNPCIAPNINNT,15,INNTECQ,0.28212407
15mer|124|DIYNPCIAPNINNTE|sp|Q8V4U9|A28_MONPZ,DIYNPCIAPNINNTE,15,NNTECQF,0.6339825
15mer|125|IYNPCIAPNINNTEC|sp|Q8V4U9|A28_MONPZ,IYNPCIAPNINNTEC,15,NTECQFL,0.074205324
15mer|126|YNPCIAPNINNTECQ|sp|Q8V4U9|A28_MONPZ,YNPCIAPNINNTECQ,15,TECQFLK,0.31574163
15mer|127|NPCIAPNINNTECQF|sp|Q8V4U9|A28_MONPZ,NPCIAPNINNTECQF,15,ECQFLKS,0.42194724
15mer|128|PCIAPNINNTECQFL|sp|Q8V4U9|A28_MONPZ,PCIAPNINNTECQFL,15,CQFLKSV,0.24802376
15mer|129|CIAPNINNTECQFLK|sp|Q8V4U9|A28_MONPZ,CIAPNINNTECQFLK,15,QFLKSVL,0.32755625
16mer|1|MNSLSIFFIVVATAAV|sp|Q8V4U9|A28_MONPZ,MNSLSIFFIVVATAAV,16,TAAVCLL,0.35436776
16mer|2|NSLSIFFIVVATAAVC|sp|Q8V4U9|A28_MONPZ,NSLSIFFIVVATAAVC,16,AAVCLLF,0.14856349
16mer|3|SLSIFFIVVATAAVCL|sp|Q8V4U9|A28_MONPZ,SLSIFFIVVATAAVCL,16,AVCLLFI,0.38424844
16mer|4|LSIFFIVVATAAVCLL|sp|Q8V4U9|A28_MONPZ,LSIFFIVVATAAVCLL,16,VCLLFIQ,0.3293629
16mer|5|SIFFIVVATAAVCLLF|sp|Q8V4U9|A28_MONPZ,SIFFIVVATAAVCLLF,16,CLLFIQS,0.38671386
16mer|6|IFFIVVATAAVCLLFI|sp|Q8V4U9|A28_MONPZ,IFFIVVATAAVCLLFI,16,LLFIQSY,0.11868274
16mer|7|FFIVVATAAVCLLFIQ|sp|Q8V4U9|A28_MONPZ,FFIVVATAAVCLLFIQ,16,LFIQSYS,0.4495869
16mer|8|FIVVATAAVCLLFIQS|sp|Q8V4U9|A28_MONPZ,FIVVATAAVCLLFIQS,16,FIQSYSI,0.3331393
16mer|9|IVVATAAVCLLFIQSY|sp|Q8V4U9|A28_MONPZ,IVVATAAVCLLFIQSY,16,IQSYSIY,0.34105435
16mer|10|VVATAAVCLLFIQSYS|sp|Q8V4U9|A28_MONPZ,VVATAAVCLLFIQSYS,16,QSYSIYE,0.37151426
16mer|11|VATAAVCLLFIQSYSI|sp|Q8V4U9|A28_MONPZ,VATAAVCLLFIQSYSI,16,SYSIYEN,0.16109182
16mer|12|ATAAVCLLFIQSYSIY|sp|Q8V4U9|A28_MONPZ,ATAAVCLLFIQSYSIY,16,YSIYENY,0.32860804
16mer|13|TAAVCLLFIQSYSIYE|sp|Q8V4U9|A28_MONPZ,TAAVCLLFIQSYSIYE,16,SIYENYG,0.30434906
16mer|14|AAVCLLFIQSYSIYEN|sp|Q8V4U9|A28_MONPZ,AAVCLLFIQSYSIYEN,16,IYENYGN,0.25219232
16mer|15|AVCLLFIQSYSIYENY|sp|Q8V4U9|A28_MONPZ,AVCLLFIQSYSIYENY,16,YENYGNI,0.49741527
16mer|16|VCLLFIQSYSIYENYG|sp|Q8V4U9|A28_MONPZ,VCLLFIQSYSIYENYG,16,ENYGNIK,0.33845434
16mer|17|CLLFIQSYSIYENYGN|sp|Q8V4U9|A28_MONPZ,CLLFIQSYSIYENYGN,16,NYGNIKE,0.26497617
16mer|18|LLFIQSYSIYENYGNI|sp|Q8V4U9|A28_MONPZ,LLFIQSYSIYENYGNI,16,YGNIKEF,0.15159677
16mer|19|LFIQSYSIYENYGNIK|sp|Q8V4U9|A28_MONPZ,LFIQSYSIYENYGNIK,16,GNIKEFN,0.4850307
16mer|20|FIQSYSIYENYGNIKE|sp|Q8V4U9|A28_MONPZ,FIQSYSIYENYGNIKE,16,NIKEFNA,0.41334367
16mer|21|IQSYSIYENYGNIKEF|sp|Q8V4U9|A28_MONPZ,IQSYSIYENYGNIKEF,16,IKEFNAT,0.25954905
16mer|22|QSYSIYENYGNIKEFN|sp|Q8V4U9|A28_MONPZ,QSYSIYENYGNIKEFN,16,KEFNATH,0.4056601
16mer|23|SYSIYENYGNIKEFNA|sp|Q8V4U9|A28_MONPZ,SYSIYENYGNIKEFNA,16,EFNATHA,0.15653083
16mer|24|YSIYENYGNIKEFNAT|sp|Q8V4U9|A28_MONPZ,YSIYENYGNIKEFNAT,16,FNATHAA,0.33397752
16mer|25|SIYENYGNIKEFNATH|sp|Q8V4U9|A28_MONPZ,SIYENYGNIKEFNATH,16,NATHAAF,0.36290672
16mer|26|IYENYGNIKEFNATHA|sp|Q8V4U9|A28_MONPZ,IYENYGNIKEFNATHA,16,ATHAAFE,0.30689976
16mer|27|YENYGNIKEFNATHAA|sp|Q8V4U9|A28_MONPZ,YENYGNIKEFNATHAA,16,THAAFEY,0.32619998
16mer|28|ENYGNIKEFNATHAAF|sp|Q8V4U9|A28_MONPZ,ENYGNIKEFNATHAAF,16,HAAFEYS,0.32642066
16mer|29|NYGNIKEFNATHAAFE|sp|Q8V4U9|A28_MONPZ,NYGNIKEFNATHAAFE,16,AAFEYSK,0.43639836
16mer|30|YGNIKEFNATHAAFEY|sp|Q8V4U9|A28_MONPZ,YGNIKEFNATHAAFEY,16,AFEYSKS,0.3152996
16mer|31|GNIKEFNATHAAFEYS|sp|Q8V4U9|A28_MONPZ,GNIKEFNATHAAFEYS,16,FEYSKSI,0.20252728
16mer|32|NIKEFNATHAAFEYSK|sp|Q8V4U9|A28_MONPZ,NIKEFNATHAAFEYSK,16,EYSKSIG,0.31992412
16mer|33|IKEFNATHAAFEYSKS|sp|Q8V4U9|A28_MONPZ,IKEFNATHAAFEYSKS,16,YSKSIGG,0.45870692
16mer|34|KEFNATHAAFEYSKSI|sp|Q8V4U9|A28_MONPZ,KEFNATHAAFEYSKSI,16,SKSIGGT,0.15377069
16mer|35|EFNATHAAFEYSKSIG|sp|Q8V4U9|A28_MONPZ,EFNATHAAFEYSKSIG,16,KSIGGTP,0.5307834
16mer|36|FNATHAAFEYSKSIGG|sp|Q8V4U9|A28_MONPZ,FNATHAAFEYSKSIGG,16,SIGGTPA,0.26976705
16mer|37|NATHAAFEYSKSIGGT|sp|Q8V4U9|A28_MONPZ,NATHAAFEYSKSIGGT,16,IGGTPAL,0.12911844
16mer|38|ATHAAFEYSKSIGGTP|sp|Q8V4U9|A28_MONPZ,ATHAAFEYSKSIGGTP,16,GGTPALD,0.23997186
16mer|39|THAAFEYSKSIGGTPA|sp|Q8V4U9|A28_MONPZ,THAAFEYSKSIGGTPA,16,GTPALDR,0.56279147
16mer|40|HAAFEYSKSIGGTPAL|sp|Q8V4U9|A28_MONPZ,HAAFEYSKSIGGTPAL,16,TPALDRR,0.25703663
16mer|41|AAFEYSKSIGGTPALD|sp|Q8V4U9|A28_MONPZ,AAFEYSKSIGGTPALD,16,PALDRRV,0.2888856
16mer|42|AFEYSKSIGGTPALDR|sp|Q8V4U9|A28_MONPZ,AFEYSKSIGGTPALDR,16,ALDRRVQ,0.35522237
16mer|43|FEYSKSIGGTPALDRR|sp|Q8V4U9|A28_MONPZ,FEYSKSIGGTPALDRR,16,LDRRVQD,0.41441318
16mer|44|EYSKSIGGTPALDRRV|sp|Q8V4U9|A28_MONPZ,EYSKSIGGTPALDRRV,16,DRRVQDV,0.22058721
16mer|45|YSKSIGGTPALDRRVQ|sp|Q8V4U9|A28_MONPZ,YSKSIGGTPALDRRVQ,16,RRVQDVN,0.3902431
16mer|46|SKSIGGTPALDRRVQD|sp|Q8V4U9|A28_MONPZ,SKSIGGTPALDRRVQD,16,RVQDVND,0.3719576
16mer|47|KSIGGTPALDRRVQDV|sp|Q8V4U9|A28_MONPZ,KSIGGTPALDRRVQDV,16,VQDVNDT,0.19504601
16mer|48|SIGGTPALDRRVQDVN|sp|Q8V4U9|A28_MONPZ,SIGGTPALDRRVQDVN,16,QDVNDTI,0.396175
16mer|49|IGGTPALDRRVQDVND|sp|Q8V4U9|A28_MONPZ,IGGTPALDRRVQDVND,16,DVNDTIS,0.21118577
16mer|50|GGTPALDRRVQDVNDT|sp|Q8V4U9|A28_MONPZ,GGTPALDRRVQDVNDT,16,VNDTISD,0.4139269
16mer|51|GTPALDRRVQDVNDTI|sp|Q8V4U9|A28_MONPZ,GTPALDRRVQDVNDTI,16,NDTISDV,0.25851047
16mer|52|TPALDRRVQDVNDTIS|sp|Q8V4U9|A28_MONPZ,TPALDRRVQDVNDTIS,16,DTISDVK,0.2633757
16mer|53|PALDRRVQDVNDTISD|sp|Q8V4U9|A28_MONPZ,PALDRRVQDVNDTISD,16,TISDVKQ,0.41006202
16mer|54|ALDRRVQDVNDTISDV|sp|Q8V4U9|A28_MONPZ,ALDRRVQDVNDTISDV,16,ISDVKQK,0.24756233
16mer|55|LDRRVQDVNDTISDVK|sp|Q8V4U9|A28_MONPZ,LDRRVQDVNDTISDVK,16,SDVKQKW,0.39088508
16mer|56|DRRVQDVNDTISDVKQ|sp|Q8V4U9|A28_MONPZ,DRRVQDVNDTISDVKQ,16,DVKQKWR,0.4008862
16mer|57|RRVQDVNDTISDVKQK|sp|Q8V4U9|A28_MONPZ,RRVQDVNDTISDVKQK,16,VKQKWRC,0.3796742
16mer|58|RVQDVNDTISDVKQKW|sp|Q8V4U9|A28_MONPZ,RVQDVNDTISDVKQKW,16,KQKWRCV,0.27523166
16mer|59|VQDVNDTISDVKQKWR|sp|Q8V4U9|A28_MONPZ,VQDVNDTISDVKQKWR,16,QKWRCVV,0.56270146
16mer|60|QDVNDTISDVKQKWRC|sp|Q8V4U9|A28_MONPZ,QDVNDTISDVKQKWRC,16,KWRCVVY,0.1659239
16mer|61|DVNDTISDVKQKWRCV|sp|Q8V4U9|A28_MONPZ,DVNDTISDVKQKWRCV,16,WRCVVYP,0.3253924
16mer|62|VNDTISDVKQKWRCVV|sp|Q8V4U9|A28_MONPZ,VNDTISDVKQKWRCVV,16,RCVVYPG,0.39509425
16mer|63|NDTISDVKQKWRCVVY|sp|Q8V4U9|A28_MONPZ,NDTISDVKQKWRCVVY,16,CVVYPGN,0.14822823
16mer|64|DTISDVKQKWRCVVYP|sp|Q8V4U9|A28_MONPZ,DTISDVKQKWRCVVYP,16,VVYPGNG,0.19440624
16mer|65|TISDVKQKWRCVVYPG|sp|Q8V4U9|A28_MONPZ,TISDVKQKWRCVVYPG,16,VYPGNGF,0.538883
16mer|66|ISDVKQKWRCVVYPGN|sp|Q8V4U9|A28_MONPZ,ISDVKQKWRCVVYPGN,16,YPGNGFV,0.19179451
16mer|67|SDVKQKWRCVVYPGNG|sp|Q8V4U9|A28_MONPZ,SDVKQKWRCVVYPGNG,16,PGNGFVS,0.39082068
16mer|68|DVKQKWRCVVYPGNGF|sp|Q8V4U9|A28_MONPZ,DVKQKWRCVVYPGNGF,16,GNGFVSA,0.42387885
16mer|69|VKQKWRCVVYPGNGFV|sp|Q8V4U9|A28_MONPZ,VKQKWRCVVYPGNGFV,16,NGFVSAS,0.2044394
16mer|70|KQKWRCVVYPGNGFVS|sp|Q8V4U9|A28_MONPZ,KQKWRCVVYPGNGFVS,16,GFVSASI,0.39823338
16mer|71|QKWRCVVYPGNGFVSA|sp|Q8V4U9|A28_MONPZ,QKWRCVVYPGNGFVSA,16,FVSASIF,0.22237067
16mer|72|KWRCVVYPGNGFVSAS|sp|Q8V4U9|A28_MONPZ,KWRCVVYPGNGFVSAS,16,VSASIFG,0.33691618
16mer|73|WRCVVYPGNGFVSASI|sp|Q8V4U9|A28_MONPZ,WRCVVYPGNGFVSASI,16,SASIFGF,0.23426725
16mer|74|RCVVYPGNGFVSASIF|sp|Q8V4U9|A28_MONPZ,RCVVYPGNGFVSASIF,16,ASIFGFQ,0.39503407
16mer|75|CVVYPGNGFVSASIFG|sp|Q8V4U9|A28_MONPZ,CVVYPGNGFVSASIFG,16,SIFGFQA,0.38138685
16mer|76|VVYPGNGFVSASIFGF|sp|Q8V4U9|A28_MONPZ,VVYPGNGFVSASIFGF,16,IFGFQAE,0.2966305
16mer|77|VYPGNGFVSASIFGFQ|sp|Q8V4U9|A28_MONPZ,VYPGNGFVSASIFGFQ,16,FGFQAEV,0.3154556
16mer|78|YPGNGFVSASIFGFQA|sp|Q8V4U9|A28_MONPZ,YPGNGFVSASIFGFQA,16,GFQAEVG,0.21530822
16mer|79|PGNGFVSASIFGFQAE|sp|Q8V4U9|A28_MONPZ,PGNGFVSASIFGFQAE,16,FQAEVGP,0.38900918
16mer|80|GNGFVSASIFGFQAEV|sp|Q8V4U9|A28_MONPZ,GNGFVSASIFGFQAEV,16,QAEVGPN,0.17868544
16mer|81|NGFVSASIFGFQAEVG|sp|Q8V4U9|A28_MONPZ,NGFVSASIFGFQAEVG,16,AEVGPNN,0.25652236
16mer|82|GFVSASIFGFQAEVGP|sp|Q8V4U9|A28_MONPZ,GFVSASIFGFQAEVGP,16,EVGPNNT,0.13262135
16mer|83|FVSASIFGFQAEVGPN|sp|Q8V4U9|A28_MONPZ,FVSASIFGFQAEVGPN,16,VGPNNTR,0.6576467
16mer|84|VSASIFGFQAEVGPNN|sp|Q8V4U9|A28_MONPZ,VSASIFGFQAEVGPNN,16,GPNNTRS,0.22751985
16mer|85|SASIFGFQAEVGPNNT|sp|Q8V4U9|A28_MONPZ,SASIFGFQAEVGPNNT,16,PNNTRSI,0.33605498
16mer|86|ASIFGFQAEVGPNNTR|sp|Q8V4U9|A28_MONPZ,ASIFGFQAEVGPNNTR,16,NNTRSIR,0.30268914
16mer|87|SIFGFQAEVGPNNTRS|sp|Q8V4U9|A28_MONPZ,SIFGFQAEVGPNNTRS,16,NTRSIRK,0.37508613
16mer|88|IFGFQAEVGPNNTRSI|sp|Q8V4U9|A28_MONPZ,IFGFQAEVGPNNTRSI,16,TRSIRKF,0.33758703
16mer|89|FGFQAEVGPNNTRSIR|sp|Q8V4U9|A28_MONPZ,FGFQAEVGPNNTRSIR,16,RSIRKFN,0.30735675
16mer|90|GFQAEVGPNNTRSIRK|sp|Q8V4U9|A28_MONPZ,GFQAEVGPNNTRSIRK,16,SIRKFNT,0.3796388
16mer|91|FQAEVGPNNTRSIRKF|sp|Q8V4U9|A28_MONPZ,FQAEVGPNNTRSIRKF,16,IRKFNTM,0.29394406
16mer|92|QAEVGPNNTRSIRKFN|sp|Q8V4U9|A28_MONPZ,QAEVGPNNTRSIRKFN,16,RKFNTMR,0.30478296
16mer|93|AEVGPNNTRSIRKFNT|sp|Q8V4U9|A28_MONPZ,AEVGPNNTRSIRKFNT,16,KFNTMRQ,0.30042633
16mer|94|EVGPNNTRSIRKFNTM|sp|Q8V4U9|A28_MONPZ,EVGPNNTRSIRKFNTM,16,FNTMRQC,0.25862336
16mer|95|VGPNNTRSIRKFNTMR|sp|Q8V4U9|A28_MONPZ,VGPNNTRSIRKFNTMR,16,NTMRQCI,0.32662255
16mer|96|GPNNTRSIRKFNTMRQ|sp|Q8V4U9|A28_MONPZ,GPNNTRSIRKFNTMRQ,16,TMRQCID,0.5120855
16mer|97|PNNTRSIRKFNTMRQC|sp|Q8V4U9|A28_MONPZ,PNNTRSIRKFNTMRQC,16,MRQCIDF,0.15220995
16mer|98|NNTRSIRKFNTMRQCI|sp|Q8V4U9|A28_MONPZ,NNTRSIRKFNTMRQCI,16,RQCIDFT,0.17297757
16mer|99|NTRSIRKFNTMRQCID|sp|Q8V4U9|A28_MONPZ,NTRSIRKFNTMRQCID,16,QCIDFTF,0.46954024
16mer|100|TRSIRKFNTMRQCIDF|sp|Q8V4U9|A28_MONPZ,TRSIRKFNTMRQCIDF,16,CIDFTFS,0.36776197
16mer|101|RSIRKFNTMRQCIDFT|sp|Q8V4U9|A28_MONPZ,RSIRKFNTMRQCIDFT,16,IDFTFSD,0.22724596
16mer|102|SIRKFNTMRQCIDFTF|sp|Q8V4U9|A28_MONPZ,SIRKFNTMRQCIDFTF,16,DFTFSDV,0.4091508
16mer|103|IRKFNTMRQCIDFTFS|sp|Q8V4U9|A28_MONPZ,IRKFNTMRQCIDFTFS,16,FTFSDVI,0.2436603
16mer|104|RKFNTMRQCIDFTFSD|sp|Q8V4U9|A28_MONPZ,RKFNTMRQCIDFTFSD,16,TFSDVIN,0.38892716
16mer|105|KFNTMRQCIDFTFSDV|sp|Q8V4U9|A28_MONPZ,KFNTMRQCIDFTFSDV,16,FSDVINI,0.3769114
16mer|106|FNTMRQCIDFTFSDVI|sp|Q8V4U9|A28_MONPZ,FNTMRQCIDFTFSDVI,16,SDVINID,0.23806842
16mer|107|NTMRQCIDFTFSDVIN|sp|Q8V4U9|A28_MONPZ,NTMRQCIDFTFSDVIN,16,DVINIDI,0.5197039
16mer|108|TMRQCIDFTFSDVINI|sp|Q8V4U9|A28_MONPZ,TMRQCIDFTFSDVINI,16,VINIDIY,0.18057284
16mer|109|MRQCIDFTFSDVINID|sp|Q8V4U9|A28_MONPZ,MRQCIDFTFSDVINID,16,INIDIYN,0.49663547
16mer|110|RQCIDFTFSDVINIDI|sp|Q8V4U9|A28_MONPZ,RQCIDFTFSDVINIDI,16,NIDIYNP,0.16770893
16mer|111|QCIDFTFSDVINIDIY|sp|Q8V4U9|A28_MONPZ,QCIDFTFSDVINIDIY,16,IDIYNPC,0.3036939
16mer|112|CIDFTFSDVINIDIYN|sp|Q8V4U9|A28_MONPZ,CIDFTFSDVINIDIYN,16,DIYNPCI,0.21336216
16mer|113|IDFTFSDVINIDIYNP|sp|Q8V4U9|A28_MONPZ,IDFTFSDVINIDIYNP,16,IYNPCIA,0.2942417
16mer|114|DFTFSDVINIDIYNPC|sp|Q8V4U9|A28_MONPZ,DFTFSDVINIDIYNPC,16,YNPCIAP,0.21835807
16mer|115|FTFSDVINIDIYNPCI|sp|Q8V4U9|A28_MONPZ,FTFSDVINIDIYNPCI,16,NPCIAPN,0.11542123
16mer|116|TFSDVINIDIYNPCIA|sp|Q8V4U9|A28_MONPZ,TFSDVINIDIYNPCIA,16,PCIAPNI,0.2038879
16mer|117|FSDVINIDIYNPCIAP|sp|Q8V4U9|A28_MONPZ,FSDVINIDIYNPCIAP,16,CIAPNIN,0.16859455
16mer|118|SDVINIDIYNPCIAPN|sp|Q8V4U9|A28_MONPZ,SDVINIDIYNPCIAPN,16,IAPNINN,0.60737765
16mer|119|DVINIDIYNPCIAPNI|sp|Q8V4U9|A28_MONPZ,DVINIDIYNPCIAPNI,16,APNINNT,0.12046701
16mer|120|VINIDIYNPCIAPNIN|sp|Q8V4U9|A28_MONPZ,VINIDIYNPCIAPNIN,16,PNINNTE,0.4099451
16mer|121|INIDIYNPCIAPNINN|sp|Q8V4U9|A28_MONPZ,INIDIYNPCIAPNINN,16,NINNTEC,0.27029237
16mer|122|NIDIYNPCIAPNINNT|sp|Q8V4U9|A28_MONPZ,NIDIYNPCIAPNINNT,16,INNTECQ,0.28212407
16mer|123|IDIYNPCIAPNINNTE|sp|Q8V4U9|A28_MONPZ,IDIYNPCIAPNINNTE,16,NNTECQF,0.6339825
16mer|124|DIYNPCIAPNINNTEC|sp|Q8V4U9|A28_MONPZ,DIYNPCIAPNINNTEC,16,NTECQFL,0.074205324
16mer|125|IYNPCIAPNINNTECQ|sp|Q8V4U9|A28_MONPZ,IYNPCIAPNINNTECQ,16,TECQFLK,0.31574163
16mer|126|YNPCIAPNINNTECQF|sp|Q8V4U9|A28_MONPZ,YNPCIAPNINNTECQF,16,ECQFLKS,0.42194724
16mer|127|NPCIAPNINNTECQFL|sp|Q8V4U9|A28_MONPZ,NPCIAPNINNTECQFL,16,CQFLKSV,0.24802376
16mer|128|PCIAPNINNTECQFLK|sp|Q8V4U9|A28_MONPZ,PCIAPNINNTECQFLK,16,QFLKSVL,0.32755625
17mer|1|MNSLSIFFIVVATAAVC|sp|Q8V4U9|A28_MONPZ,MNSLSIFFIVVATAAVC,17,AAVCLLF,0.14856349
17mer|2|NSLSIFFIVVATAAVCL|sp|Q8V4U9|A28_MONPZ,NSLSIFFIVVATAAVCL,17,AVCLLFI,0.38424844
17mer|3|SLSIFFIVVATAAVCLL|sp|Q8V4U9|A28_MONPZ,SLSIFFIVVATAAVCLL,17,VCLLFIQ,0.3293629
17mer|4|LSIFFIVVATAAVCLLF|sp|Q8V4U9|A28_MONPZ,LSIFFIVVATAAVCLLF,17,CLLFIQS,0.38671386
17mer|5|SIFFIVVATAAVCLLFI|sp|Q8V4U9|A28_MONPZ,SIFFIVVATAAVCLLFI,17,LLFIQSY,0.11868274
17mer|6|IFFIVVATAAVCLLFIQ|sp|Q8V4U9|A28_MONPZ,IFFIVVATAAVCLLFIQ,17,LFIQSYS,0.4495869
17mer|7|FFIVVATAAVCLLFIQS|sp|Q8V4U9|A28_MONPZ,FFIVVATAAVCLLFIQS,17,FIQSYSI,0.3331393
17mer|8|FIVVATAAVCLLFIQSY|sp|Q8V4U9|A28_MONPZ,FIVVATAAVCLLFIQSY,17,IQSYSIY,0.34105435
17mer|9|IVVATAAVCLLFIQSYS|sp|Q8V4U9|A28_MONPZ,IVVATAAVCLLFIQSYS,17,QSYSIYE,0.37151426
17mer|10|VVATAAVCLLFIQSYSI|sp|Q8V4U9|A28_MONPZ,VVATAAVCLLFIQSYSI,17,SYSIYEN,0.16109182
17mer|11|VATAAVCLLFIQSYSIY|sp|Q8V4U9|A28_MONPZ,VATAAVCLLFIQSYSIY,17,YSIYENY,0.32860804
17mer|12|ATAAVCLLFIQSYSIYE|sp|Q8V4U9|A28_MONPZ,ATAAVCLLFIQSYSIYE,17,SIYENYG,0.30434906
17mer|13|TAAVCLLFIQSYSIYEN|sp|Q8V4U9|A28_MONPZ,TAAVCLLFIQSYSIYEN,17,IYENYGN,0.25219232
17mer|14|AAVCLLFIQSYSIYENY|sp|Q8V4U9|A28_MONPZ,AAVCLLFIQSYSIYENY,17,YENYGNI,0.49741527
17mer|15|AVCLLFIQSYSIYENYG|sp|Q8V4U9|A28_MONPZ,AVCLLFIQSYSIYENYG,17,ENYGNIK,0.33845434
17mer|16|VCLLFIQSYSIYENYGN|sp|Q8V4U9|A28_MONPZ,VCLLFIQSYSIYENYGN,17,NYGNIKE,0.26497617
17mer|17|CLLFIQSYSIYENYGNI|sp|Q8V4U9|A28_MONPZ,CLLFIQSYSIYENYGNI,17,YGNIKEF,0.15159677
17mer|18|LLFIQSYSIYENYGNIK|sp|Q8V4U9|A28_MONPZ,LLFIQSYSIYENYGNIK,17,GNIKEFN,0.4850307
17mer|19|LFIQSYSIYENYGNIKE|sp|Q8V4U9|A28_MONPZ,LFIQSYSIYENYGNIKE,17,NIKEFNA,0.41334367
17mer|20|FIQSYSIYENYGNIKEF|sp|Q8V4U9|A28_MONPZ,FIQSYSIYENYGNIKEF,17,IKEFNAT,0.25954905
17mer|21|IQSYSIYENYGNIKEFN|sp|Q8V4U9|A28_MONPZ,IQSYSIYENYGNIKEFN,17,KEFNATH,0.4056601
17mer|22|QSYSIYENYGNIKEFNA|sp|Q8V4U9|A28_MONPZ,QSYSIYENYGNIKEFNA,17,EFNATHA,0.15653083
17mer|23|SYSIYENYGNIKEFNAT|sp|Q8V4U9|A28_MONPZ,SYSIYENYGNIKEFNAT,17,FNATHAA,0.33397752
17mer|24|YSIYENYGNIKEFNATH|sp|Q8V4U9|A28_MONPZ,YSIYENYGNIKEFNATH,17,NATHAAF,0.36290672
17mer|25|SIYENYGNIKEFNATHA|sp|Q8V4U9|A28_MONPZ,SIYENYGNIKEFNATHA,17,ATHAAFE,0.30689976
17mer|26|IYENYGNIKEFNATHAA|sp|Q8V4U9|A28_MONPZ,IYENYGNIKEFNATHAA,17,THAAFEY,0.32619998
17mer|27|YENYGNIKEFNATHAAF|sp|Q8V4U9|A28_MONPZ,YENYGNIKEFNATHAAF,17,HAAFEYS,0.32642066
17mer|28|ENYGNIKEFNATHAAFE|sp|Q8V4U9|A28_MONPZ,ENYGNIKEFNATHAAFE,17,AAFEYSK,0.43639836
17mer|29|NYGNIKEFNATHAAFEY|sp|Q8V4U9|A28_MONPZ,NYGNIKEFNATHAAFEY,17,AFEYSKS,0.3152996
17mer|30|YGNIKEFNATHAAFEYS|sp|Q8V4U9|A28_MONPZ,YGNIKEFNATHAAFEYS,17,FEYSKSI,0.20252728
17mer|31|GNIKEFNATHAAFEYSK|sp|Q8V4U9|A28_MONPZ,GNIKEFNATHAAFEYSK,17,EYSKSIG,0.31992412
17mer|32|NIKEFNATHAAFEYSKS|sp|Q8V4U9|A28_MONPZ,NIKEFNATHAAFEYSKS,17,YSKSIGG,0.45870692
17mer|33|IKEFNATHAAFEYSKSI|sp|Q8V4U9|A28_MONPZ,IKEFNATHAAFEYSKSI,17,SKSIGGT,0.15377069
17mer|34|KEFNATHAAFEYSKSIG|sp|Q8V4U9|A28_MONPZ,KEFNATHAAFEYSKSIG,17,KSIGGTP,0.5307834
17mer|35|EFNATHAAFEYSKSIGG|sp|Q8V4U9|A28_MONPZ,EFNATHAAFEYSKSIGG,17,SIGGTPA,0.26976705
17mer|36|FNATHAAFEYSKSIGGT|sp|Q8V4U9|A28_MONPZ,FNATHAAFEYSKSIGGT,17,IGGTPAL,0.12911844
17mer|37|NATHAAFEYSKSIGGTP|sp|Q8V4U9|A28_MONPZ,NATHAAFEYSKSIGGTP,17,GGTPALD,0.23997186
17mer|38|ATHAAFEYSKSIGGTPA|sp|Q8V4U9|A28_MONPZ,ATHAAFEYSKSIGGTPA,17,GTPALDR,0.56279147
17mer|39|THAAFEYSKSIGGTPAL|sp|Q8V4U9|A28_MONPZ,THAAFEYSKSIGGTPAL,17,TPALDRR,0.25703663
17mer|40|HAAFEYSKSIGGTPALD|sp|Q8V4U9|A28_MONPZ,HAAFEYSKSIGGTPALD,17,PALDRRV,0.2888856
17mer|41|AAFEYSKSIGGTPALDR|sp|Q8V4U9|A28_MONPZ,AAFEYSKSIGGTPALDR,17,ALDRRVQ,0.35522237
17mer|42|AFEYSKSIGGTPALDRR|sp|Q8V4U9|A28_MONPZ,AFEYSKSIGGTPALDRR,17,LDRRVQD,0.41441318
17mer|43|FEYSKSIGGTPALDRRV|sp|Q8V4U9|A28_MONPZ,FEYSKSIGGTPALDRRV,17,DRRVQDV,0.22058721
17mer|44|EYSKSIGGTPALDRRVQ|sp|Q8V4U9|A28_MONPZ,EYSKSIGGTPALDRRVQ,17,RRVQDVN,0.3902431
17mer|45|YSKSIGGTPALDRRVQD|sp|Q8V4U9|A28_MONPZ,YSKSIGGTPALDRRVQD,17,RVQDVND,0.3719576
17mer|46|SKSIGGTPALDRRVQDV|sp|Q8V4U9|A28_MONPZ,SKSIGGTPALDRRVQDV,17,VQDVNDT,0.19504601
17mer|47|KSIGGTPALDRRVQDVN|sp|Q8V4U9|A28_MONPZ,KSIGGTPALDRRVQDVN,17,QDVNDTI,0.396175
17mer|48|SIGGTPALDRRVQDVND|sp|Q8V4U9|A28_MONPZ,SIGGTPALDRRVQDVND,17,DVNDTIS,0.21118577
17mer|49|IGGTPALDRRVQDVNDT|sp|Q8V4U9|A28_MONPZ,IGGTPALDRRVQDVNDT,17,VNDTISD,0.4139269
17mer|50|GGTPALDRRVQDVNDTI|sp|Q8V4U9|A28_MONPZ,GGTPALDRRVQDVNDTI,17,NDTISDV,0.25851047
17mer|51|GTPALDRRVQDVNDTIS|sp|Q8V4U9|A28_MONPZ,GTPALDRRVQDVNDTIS,17,DTISDVK,0.2633757
17mer|52|TPALDRRVQDVNDTISD|sp|Q8V4U9|A28_MONPZ,TPALDRRVQDVNDTISD,17,TISDVKQ,0.41006202
17mer|53|PALDRRVQDVNDTISDV|sp|Q8V4U9|A28_MONPZ,PALDRRVQDVNDTISDV,17,ISDVKQK,0.24756233
17mer|54|ALDRRVQDVNDTISDVK|sp|Q8V4U9|A28_MONPZ,ALDRRVQDVNDTISDVK,17,SDVKQKW,0.39088508
17mer|55|LDRRVQDVNDTISDVKQ|sp|Q8V4U9|A28_MONPZ,LDRRVQDVNDTISDVKQ,17,DVKQKWR,0.4008862
17mer|56|DRRVQDVNDTISDVKQK|sp|Q8V4U9|A28_MONPZ,DRRVQDVNDTISDVKQK,17,VKQKWRC,0.3796742
17mer|57|RRVQDVNDTISDVKQKW|sp|Q8V4U9|A28_MONPZ,RRVQDVNDTISDVKQKW,17,KQKWRCV,0.27523166
17mer|58|RVQDVNDTISDVKQKWR|sp|Q8V4U9|A28_MONPZ,RVQDVNDTISDVKQKWR,17,QKWRCVV,0.56270146
17mer|59|VQDVNDTISDVKQKWRC|sp|Q8V4U9|A28_MONPZ,VQDVNDTISDVKQKWRC,17,KWRCVVY,0.1659239
17mer|60|QDVNDTISDVKQKWRCV|sp|Q8V4U9|A28_MONPZ,QDVNDTISDVKQKWRCV,17,WRCVVYP,0.3253924
17mer|61|DVNDTISDVKQKWRCVV|sp|Q8V4U9|A28_MONPZ,DVNDTISDVKQKWRCVV,17,RCVVYPG,0.39509425
17mer|62|VNDTISDVKQKWRCVVY|sp|Q8V4U9|A28_MONPZ,VNDTISDVKQKWRCVVY,17,CVVYPGN,0.14822823
17mer|63|NDTISDVKQKWRCVVYP|sp|Q8V4U9|A28_MONPZ,NDTISDVKQKWRCVVYP,17,VVYPGNG,0.19440624
17mer|64|DTISDVKQKWRCVVYPG|sp|Q8V4U9|A28_MONPZ,DTISDVKQKWRCVVYPG,17,VYPGNGF,0.538883
17mer|65|TISDVKQKWRCVVYPGN|sp|Q8V4U9|A28_MONPZ,TISDVKQKWRCVVYPGN,17,YPGNGFV,0.19179451
17mer|66|ISDVKQKWRCVVYPGNG|sp|Q8V4U9|A28_MONPZ,ISDVKQKWRCVVYPGNG,17,PGNGFVS,0.39082068
17mer|67|SDVKQKWRCVVYPGNGF|sp|Q8V4U9|A28_MONPZ,SDVKQKWRCVVYPGNGF,17,GNGFVSA,0.42387885
17mer|68|DVKQKWRCVVYPGNGFV|sp|Q8V4U9|A28_MONPZ,DVKQKWRCVVYPGNGFV,17,NGFVSAS,0.2044394
17mer|69|VKQKWRCVVYPGNGFVS|sp|Q8V4U9|A28_MONPZ,VKQKWRCVVYPGNGFVS,17,GFVSASI,0.39823338
17mer|70|KQKWRCVVYPGNGFVSA|sp|Q8V4U9|A28_MONPZ,KQKWRCVVYPGNGFVSA,17,FVSASIF,0.22237067
17mer|71|QKWRCVVYPGNGFVSAS|sp|Q8V4U9|A28_MONPZ,QKWRCVVYPGNGFVSAS,17,VSASIFG,0.33691618
17mer|72|KWRCVVYPGNGFVSASI|sp|Q8V4U9|A28_MONPZ,KWRCVVYPGNGFVSASI,17,SASIFGF,0.23426725
17mer|73|WRCVVYPGNGFVSASIF|sp|Q8V4U9|A28_MONPZ,WRCVVYPGNGFVSASIF,17,ASIFGFQ,0.39503407
17mer|74|RCVVYPGNGFVSASIFG|sp|Q8V4U9|A28_MONPZ,RCVVYPGNGFVSASIFG,17,SIFGFQA,0.38138685
17mer|75|CVVYPGNGFVSASIFGF|sp|Q8V4U9|A28_MONPZ,CVVYPGNGFVSASIFGF,17,IFGFQAE,0.2966305
17mer|76|VVYPGNGFVSASIFGFQ|sp|Q8V4U9|A28_MONPZ,VVYPGNGFVSASIFGFQ,17,FGFQAEV,0.3154556
17mer|77|VYPGNGFVSASIFGFQA|sp|Q8V4U9|A28_MONPZ,VYPGNGFVSASIFGFQA,17,GFQAEVG,0.21530822
17mer|78|YPGNGFVSASIFGFQAE|sp|Q8V4U9|A28_MONPZ,YPGNGFVSASIFGFQAE,17,FQAEVGP,0.38900918
17mer|79|PGNGFVSASIFGFQAEV|sp|Q8V4U9|A28_MONPZ,PGNGFVSASIFGFQAEV,17,QAEVGPN,0.17868544
17mer|80|GNGFVSASIFGFQAEVG|sp|Q8V4U9|A28_MONPZ,GNGFVSASIFGFQAEVG,17,AEVGPNN,0.25652236
17mer|81|NGFVSASIFGFQAEVGP|sp|Q8V4U9|A28_MONPZ,NGFVSASIFGFQAEVGP,17,EVGPNNT,0.13262135
17mer|82|GFVSASIFGFQAEVGPN|sp|Q8V4U9|A28_MONPZ,GFVSASIFGFQAEVGPN,17,VGPNNTR,0.6576467
17mer|83|FVSASIFGFQAEVGPNN|sp|Q8V4U9|A28_MONPZ,FVSASIFGFQAEVGPNN,17,GPNNTRS,0.22751985
17mer|84|VSASIFGFQAEVGPNNT|sp|Q8V4U9|A28_MONPZ,VSASIFGFQAEVGPNNT,17,PNNTRSI,0.33605498
17mer|85|SASIFGFQAEVGPNNTR|sp|Q8V4U9|A28_MONPZ,SASIFGFQAEVGPNNTR,17,NNTRSIR,0.30268914
17mer|86|ASIFGFQAEVGPNNTRS|sp|Q8V4U9|A28_MONPZ,ASIFGFQAEVGPNNTRS,17,NTRSIRK,0.37508613
17mer|87|SIFGFQAEVGPNNTRSI|sp|Q8V4U9|A28_MONPZ,SIFGFQAEVGPNNTRSI,17,TRSIRKF,0.33758703
17mer|88|IFGFQAEVGPNNTRSIR|sp|Q8V4U9|A28_MONPZ,IFGFQAEVGPNNTRSIR,17,RSIRKFN,0.30735675
17mer|89|FGFQAEVGPNNTRSIRK|sp|Q8V4U9|A28_MONPZ,FGFQAEVGPNNTRSIRK,17,SIRKFNT,0.3796388
17mer|90|GFQAEVGPNNTRSIRKF|sp|Q8V4U9|A28_MONPZ,GFQAEVGPNNTRSIRKF,17,IRKFNTM,0.29394406
17mer|91|FQAEVGPNNTRSIRKFN|sp|Q8V4U9|A28_MONPZ,FQAEVGPNNTRSIRKFN,17,RKFNTMR,0.30478296
17mer|92|QAEVGPNNTRSIRKFNT|sp|Q8V4U9|A28_MONPZ,QAEVGPNNTRSIRKFNT,17,KFNTMRQ,0.30042633
17mer|93|AEVGPNNTRSIRKFNTM|sp|Q8V4U9|A28_MONPZ,AEVGPNNTRSIRKFNTM,17,FNTMRQC,0.25862336
17mer|94|EVGPNNTRSIRKFNTMR|sp|Q8V4U9|A28_MONPZ,EVGPNNTRSIRKFNTMR,17,NTMRQCI,0.32662255
17mer|95|VGPNNTRSIRKFNTMRQ|sp|Q8V4U9|A28_MONPZ,VGPNNTRSIRKFNTMRQ,17,TMRQCID,0.5120855
17mer|96|GPNNTRSIRKFNTMRQC|sp|Q8V4U9|A28_MONPZ,GPNNTRSIRKFNTMRQC,17,MRQCIDF,0.15220995
17mer|97|PNNTRSIRKFNTMRQCI|sp|Q8V4U9|A28_MONPZ,PNNTRSIRKFNTMRQCI,17,RQCIDFT,0.17297757
17mer|98|NNTRSIRKFNTMRQCID|sp|Q8V4U9|A28_MONPZ,NNTRSIRKFNTMRQCID,17,QCIDFTF,0.46954024
17mer|99|NTRSIRKFNTMRQCIDF|sp|Q8V4U9|A28_MONPZ,NTRSIRKFNTMRQCIDF,17,CIDFTFS,0.36776197
17mer|100|TRSIRKFNTMRQCIDFT|sp|Q8V4U9|A28_MONPZ,TRSIRKFNTMRQCIDFT,17,IDFTFSD,0.22724596
17mer|101|RSIRKFNTMRQCIDFTF|sp|Q8V4U9|A28_MONPZ,RSIRKFNTMRQCIDFTF,17,DFTFSDV,0.4091508
17mer|102|SIRKFNTMRQCIDFTFS|sp|Q8V4U9|A28_MONPZ,SIRKFNTMRQCIDFTFS,17,FTFSDVI,0.2436603
17mer|103|IRKFNTMRQCIDFTFSD|sp|Q8V4U9|A28_MONPZ,IRKFNTMRQCIDFTFSD,17,TFSDVIN,0.38892716
17mer|104|RKFNTMRQCIDFTFSDV|sp|Q8V4U9|A28_MONPZ,RKFNTMRQCIDFTFSDV,17,FSDVINI,0.3769114
17mer|105|KFNTMRQCIDFTFSDVI|sp|Q8V4U9|A28_MONPZ,KFNTMRQCIDFTFSDVI,17,SDVINID,0.23806842
17mer|106|FNTMRQCIDFTFSDVIN|sp|Q8V4U9|A28_MONPZ,FNTMRQCIDFTFSDVIN,17,DVINIDI,0.5197039
17mer|107|NTMRQCIDFTFSDVINI|sp|Q8V4U9|A28_MONPZ,NTMRQCIDFTFSDVINI,17,VINIDIY,0.18057284
17mer|108|TMRQCIDFTFSDVINID|sp|Q8V4U9|A28_MONPZ,TMRQCIDFTFSDVINID,17,INIDIYN,0.49663547
17mer|109|MRQCIDFTFSDVINIDI|sp|Q8V4U9|A28_MONPZ,MRQCIDFTFSDVINIDI,17,NIDIYNP,0.16770893
17mer|110|RQCIDFTFSDVINIDIY|sp|Q8V4U9|A28_MONPZ,RQCIDFTFSDVINIDIY,17,IDIYNPC,0.3036939
17mer|111|QCIDFTFSDVINIDIYN|sp|Q8V4U9|A28_MONPZ,QCIDFTFSDVINIDIYN,17,DIYNPCI,0.21336216
17mer|112|CIDFTFSDVINIDIYNP|sp|Q8V4U9|A28_MONPZ,CIDFTFSDVINIDIYNP,17,IYNPCIA,0.2942417
17mer|113|IDFTFSDVINIDIYNPC|sp|Q8V4U9|A28_MONPZ,IDFTFSDVINIDIYNPC,17,YNPCIAP,0.21835807
17mer|114|DFTFSDVINIDIYNPCI|sp|Q8V4U9|A28_MONPZ,DFTFSDVINIDIYNPCI,17,NPCIAPN,0.11542123
17mer|115|FTFSDVINIDIYNPCIA|sp|Q8V4U9|A28_MONPZ,FTFSDVINIDIYNPCIA,17,PCIAPNI,0.2038879
17mer|116|TFSDVINIDIYNPCIAP|sp|Q8V4U9|A28_MONPZ,TFSDVINIDIYNPCIAP,17,CIAPNIN,0.16859455
17mer|117|FSDVINIDIYNPCIAPN|sp|Q8V4U9|A28_MONPZ,FSDVINIDIYNPCIAPN,17,IAPNINN,0.60737765
17mer|118|SDVINIDIYNPCIAPNI|sp|Q8V4U9|A28_MONPZ,SDVINIDIYNPCIAPNI,17,APNINNT,0.12046701
17mer|119|DVINIDIYNPCIAPNIN|sp|Q8V4U9|A28_MONPZ,DVINIDIYNPCIAPNIN,17,PNINNTE,0.4099451
17mer|120|VINIDIYNPCIAPNINN|sp|Q8V4U9|A28_MONPZ,VINIDIYNPCIAPNINN,17,NINNTEC,0.27029237
17mer|121|INIDIYNPCIAPNINNT|sp|Q8V4U9|A28_MONPZ,INIDIYNPCIAPNINNT,17,INNTECQ,0.28212407
17mer|122|NIDIYNPCIAPNINNTE|sp|Q8V4U9|A28_MONPZ,NIDIYNPCIAPNINNTE,17,NNTECQF,0.6339825
17mer|123|IDIYNPCIAPNINNTEC|sp|Q8V4U9|A28_MONPZ,IDIYNPCIAPNINNTEC,17,NTECQFL,0.0741878
17mer|124|DIYNPCIAPNINNTECQ|sp|Q8V4U9|A28_MONPZ,DIYNPCIAPNINNTECQ,17,TECQFLK,0.315709
17mer|125|IYNPCIAPNINNTECQF|sp|Q8V4U9|A28_MONPZ,IYNPCIAPNINNTECQF,17,ECQFLKS,0.42198855
17mer|126|YNPCIAPNINNTECQFL|sp|Q8V4U9|A28_MONPZ,YNPCIAPNINNTECQFL,17,CQFLKSV,0.24800968
17mer|127|NPCIAPNINNTECQFLK|sp|Q8V4U9|A28_MONPZ,NPCIAPNINNTECQFLK,17,QFLKSVL,0.32747138
