,epitope,epitope_length,cleavage_site
0,MANSTKAE,8mer,TKAEEYE
1,ANSTKAEE,8mer,KAEEYEK
2,NSTKAEEY,8mer,AEEYEKM
3,STKAEEYE,8mer,EEYEKMS
4,TKAEEYEK,8mer,EYEKMSV
5,KAEEYEKM,8mer,YEKMSVE
6,AEEYEKMS,8mer,EKMSVEQ
7,EEYEKMSV,8mer,KMSVEQA
8,EYEKMSVE,8mer,MSVEQAK
9,YEKMSVEQ,8mer,SVEQAKA
10,EKMSVEQA,8mer,VEQAKAS
11,KMSVEQAK,8mer,EQAKASV
12,MSVEQAKA,8mer,QAKASVN
13,SVEQAKAS,8mer,AKASVNS
14,VEQAKASV,8mer,KASVNSE
15,EQAKASVN,8mer,ASVNSEA
16,QAKASVNS,8mer,SVNSEAE
17,AKASVNSE,8mer,VNSEAES
18,KASVNSEA,8mer,NSEAESS
19,ASVNSEAE,8mer,SEAESSF
20,SVNSEAES,8mer,EAESSFS
21,VNSEAESS,8mer,AESSFSI
22,NSEAESSF,8mer,ESSFSIN
23,SEAESSFS,8mer,SSFSINE
24,EAESSFSI,8mer,SFSINEN
25,AESSFSIN,8mer,FSINENT
26,ESSFSINE,8mer,SINENTT
27,SSFSINEN,8mer,INENTTA
28,SFSINENT,8mer,NENTTAS
29,FSINENTT,8mer,ENTTASG
30,SINENTTA,8mer,NTTASGT
31,INENTTAS,8mer,TTASGTG
32,NENTTASG,8mer,TASGTGL
33,ENTTASGT,8mer,ASGTGLS
34,NTTASGTG,8mer,SGTGLSG
35,TTASGTGL,8mer,GTGLSGK
36,TASGTGLS,8mer,TGLSGKT
37,ASGTGLSG,8mer,GLSGKTS
38,SGTGLSGK,8mer,LSGKTSV
39,GTGLSGKT,8mer,SGKTSVC
40,TGLSGKTS,8mer,GKTSVCR
41,GLSGKTSV,8mer,KTSVCRQ
42,LSGKTSVC,8mer,TSVCRQV
43,SGKTSVCR,8mer,SVCRQVD
44,GKTSVCRQ,8mer,VCRQVDT
45,KTSVCRQV,8mer,CRQVDTA
46,TSVCRQVD,8mer,RQVDTAR
47,SVCRQVDT,8mer,QVDTARK
48,VCRQVDTA,8mer,VDTARKR
49,CRQVDTAR,8mer,DTARKRK
50,RQVDTARK,8mer,TARKRKE
51,QVDTARKR,8mer,ARKRKEF
52,VDTARKRK,8mer,RKRKEFE
53,DTARKRKE,8mer,KRKEFED
54,TARKRKEF,8mer,RKEFEDD
55,ARKRKEFE,8mer,KEFEDDL
56,RKRKEFED,8mer,EFEDDLV
57,KRKEFEDD,8mer,FEDDLVK
58,RKEFEDDL,8mer,EDDLVKE
59,KEFEDDLV,8mer,DDLVKES
60,EFEDDLVK,8mer,DLVKESS
61,FEDDLVKE,8mer,LVKESSS
62,EDDLVKES,8mer,VKESSSC
63,DDLVKESS,8mer,KESSSCG
64,DLVKESSS,8mer,ESSSCGE
65,LVKESSSC,8mer,SSSCGEG
66,VKESSSCG,8mer,SSCGEGT
67,KESSSCGE,8mer,SCGEGTP
68,ESSSCGEG,8mer,CGEGTPS
69,SSSCGEGT,8mer,GEGTPSK
70,SSCGEGTP,8mer,EGTPSKK
71,SCGEGTPS,8mer,GTPSKKR
72,CGEGTPSK,8mer,TPSKKRK
73,GEGTPSKK,8mer,PSKKRKL
74,EGTPSKKR,8mer,SKKRKLD
75,GTPSKKRK,8mer,KKRKLDP
76,TPSKKRKL,8mer,KRKLDPE
77,PSKKRKLD,8mer,RKLDPEI
78,SKKRKLDP,8mer,KLDPEIV
79,KKRKLDPE,8mer,LDPEIVP
80,KRKLDPEI,8mer,DPEIVPE
81,RKLDPEIV,8mer,PEIVPEE
82,KLDPEIVP,8mer,EIVPEEK
83,LDPEIVPE,8mer,IVPEEKD
84,DPEIVPEE,8mer,VPEEKDC
85,PEIVPEEK,8mer,PEEKDCG
86,EIVPEEKD,8mer,EEKDCGD
87,IVPEEKDC,8mer,EKDCGDD
88,VPEEKDCG,8mer,KDCGDDE
89,PEEKDCGD,8mer,DCGDDEG
90,EEKDCGDD,8mer,CGDDEGN
91,EKDCGDDE,8mer,GDDEGNS
92,KDCGDDEG,8mer,DDEGNSK
93,DCGDDEGN,8mer,DEGNSKK
94,CGDDEGNS,8mer,EGNSKKR
95,GDDEGNSK,8mer,GNSKKRK
96,DDEGNSKK,8mer,NSKKRKR
97,DEGNSKKR,8mer,SKKRKRE
98,EGNSKKRK,8mer,KKRKRET
99,GNSKKRKR,8mer,KRKRETE
100,NSKKRKRE,8mer,RKRETED
101,SKKRKRET,8mer,KRETEDV
102,KKRKRETE,8mer,RETEDVP
103,KRKRETED,8mer,ETEDVPK
104,RKRETEDV,8mer,TEDVPKD
105,KRETEDVP,8mer,EDVPKDE
106,RETEDVPK,8mer,DVPKDEY
107,ETEDVPKD,8mer,VPKDEYS
108,TEDVPKDE,8mer,PKDEYST
109,EDVPKDEY,8mer,KDEYSTG
110,DVPKDEYS,8mer,DEYSTGD
111,VPKDEYST,8mer,EYSTGDG
112,PKDEYSTG,8mer,YSTGDGT
113,KDEYSTGD,8mer,STGDGTQ
114,DEYSTGDG,8mer,TGDGTQN
115,EYSTGDGT,8mer,GDGTQNK
116,YSTGDGTQ,8mer,DGTQNKR
117,STGDGTQN,8mer,GTQNKRK
118,TGDGTQNK,8mer,TQNKRKI
119,GDGTQNKR,8mer,QNKRKIA
120,DGTQNKRK,8mer,NKRKIAL
121,GTQNKRKI,8mer,KRKIALE
122,TQNKRKIA,8mer,RKIALED
123,QNKRKIAL,8mer,KIALEDV
124,NKRKIALE,8mer,IALEDVP
125,KRKIALED,8mer,ALEDVPE
126,RKIALEDV,8mer,LEDVPEK
127,KIALEDVP,8mer,EDVPEKQ
128,IALEDVPE,8mer,DVPEKQK
129,ALEDVPEK,8mer,VPEKQKN
130,LEDVPEKQ,8mer,PEKQKNL
131,EDVPEKQK,8mer,EKQKNLE
132,DVPEKQKN,8mer,KQKNLEE
133,VPEKQKNL,8mer,QKNLEEG
134,PEKQKNLE,8mer,KNLEEGH
135,EKQKNLEE,8mer,NLEEGHS
136,KQKNLEEG,8mer,LEEGHSS
137,QKNLEEGH,8mer,EEGHSSA
138,KNLEEGHS,8mer,EGHSSAV
139,NLEEGHSS,8mer,GHSSAVA
140,LEEGHSSA,8mer,HSSAVAA
141,EEGHSSAV,8mer,SSAVAAH
142,EGHSSAVA,8mer,SAVAAHY
143,GHSSAVAA,8mer,AVAAHYN
144,HSSAVAAH,8mer,VAAHYNE
145,SSAVAAHY,8mer,AAHYNEL
146,SAVAAHYN,8mer,AHYNELQ
147,AVAAHYNE,8mer,HYNELQE
148,VAAHYNEL,8mer,YNELQEV
149,AAHYNELQ,8mer,NELQEVG
150,AHYNELQE,8mer,ELQEVGL
151,HYNELQEV,8mer,LQEVGLE
152,YNELQEVG,8mer,QEVGLEK
153,NELQEVGL,8mer,EVGLEKR
154,ELQEVGLE,8mer,VGLEKRS
155,LQEVGLEK,8mer,GLEKRSQ
156,QEVGLEKR,8mer,LEKRSQS
157,EVGLEKRS,8mer,EKRSQSR
158,VGLEKRSQ,8mer,KRSQSRI
159,GLEKRSQS,8mer,RSQSRIF
160,LEKRSQSR,8mer,SQSRIFY
161,EKRSQSRI,8mer,QSRIFYL
162,KRSQSRIF,8mer,SRIFYLR
163,RSQSRIFY,8mer,RIFYLRN
164,SQSRIFYL,8mer,IFYLRNF
165,QSRIFYLR,8mer,FYLRNFN
166,SRIFYLRN,8mer,YLRNFNN
167,RIFYLRNF,8mer,LRNFNNW
168,IFYLRNFN,8mer,RNFNNWM
169,FYLRNFNN,8mer,NFNNWMK
170,YLRNFNNW,8mer,FNNWMKS
171,LRNFNNWM,8mer,NNWMKSV
172,RNFNNWMK,8mer,NWMKSVL
173,NFNNWMKS,8mer,WMKSVLI
174,FNNWMKSV,8mer,MKSVLIG
175,NNWMKSVL,8mer,KSVLIGE
176,NWMKSVLI,8mer,SVLIGEF
177,WMKSVLIG,8mer,VLIGEFL
178,MKSVLIGE,8mer,LIGEFLE
179,KSVLIGEF,8mer,IGEFLEK
180,SVLIGEFL,8mer,GEFLEKV
181,VLIGEFLE,8mer,EFLEKVR
182,LIGEFLEK,8mer,FLEKVRQ
183,IGEFLEKV,8mer,LEKVRQK
184,GEFLEKVR,8mer,EKVRQKK
185,EFLEKVRQ,8mer,KVRQKKK
186,FLEKVRQK,8mer,VRQKKKR
187,LEKVRQKK,8mer,RQKKKRD
188,EKVRQKKK,8mer,QKKKRDI
189,KVRQKKKR,8mer,KKKRDIT
190,VRQKKKRD,8mer,KKRDITV
191,RQKKKRDI,8mer,KRDITVL
192,QKKKRDIT,8mer,RDITVLD
193,KKKRDITV,8mer,DITVLDL
194,KKRDITVL,8mer,ITVLDLG
195,KRDITVLD,8mer,TVLDLGC
196,RDITVLDL,8mer,VLDLGCG
197,DITVLDLG,8mer,LDLGCGK
198,ITVLDLGC,8mer,DLGCGKG
199,TVLDLGCG,8mer,LGCGKGG
200,VLDLGCGK,8mer,GCGKGGD
201,LDLGCGKG,8mer,CGKGGDL
202,DLGCGKGG,8mer,GKGGDLL
203,LGCGKGGD,8mer,KGGDLLK
204,GCGKGGDL,8mer,GGDLLKW
205,CGKGGDLL,8mer,GDLLKWK
206,GKGGDLLK,8mer,DLLKWKK
207,KGGDLLKW,8mer,LLKWKKG
208,GGDLLKWK,8mer,LKWKKGR
209,GDLLKWKK,8mer,KWKKGRI
210,DLLKWKKG,8mer,WKKGRIN
211,LLKWKKGR,8mer,KKGRINK
212,LKWKKGRI,8mer,KGRINKL
213,KWKKGRIN,8mer,GRINKLV
214,WKKGRINK,8mer,RINKLVC
215,KKGRINKL,8mer,INKLVCT
216,KGRINKLV,8mer,NKLVCTD
217,GRINKLVC,8mer,KLVCTDI
218,RINKLVCT,8mer,LVCTDIA
219,INKLVCTD,8mer,VCTDIAD
220,NKLVCTDI,8mer,CTDIADV
221,KLVCTDIA,8mer,TDIADVS
222,LVCTDIAD,8mer,DIADVSI
223,VCTDIADV,8mer,IADVSIK
224,CTDIADVS,8mer,ADVSIKQ
225,TDIADVSI,8mer,DVSIKQC
226,DIADVSIK,8mer,VSIKQCQ
227,IADVSIKQ,8mer,SIKQCQQ
228,ADVSIKQC,8mer,IKQCQQR
229,DVSIKQCQ,8mer,KQCQQRY
230,VSIKQCQQ,8mer,QCQQRYE
231,SIKQCQQR,8mer,CQQRYED
232,IKQCQQRY,8mer,QQRYEDM
233,KQCQQRYE,8mer,QRYEDMK
234,QCQQRYED,8mer,RYEDMKN
235,CQQRYEDM,8mer,YEDMKNR
236,QQRYEDMK,8mer,EDMKNRR
237,QRYEDMKN,8mer,DMKNRRD
238,RYEDMKNR,8mer,MKNRRDS
239,YEDMKNRR,8mer,KNRRDSE
240,EDMKNRRD,8mer,NRRDSEY
241,DMKNRRDS,8mer,RRDSEYI
242,MKNRRDSE,8mer,RDSEYIF
243,KNRRDSEY,8mer,DSEYIFS
244,NRRDSEYI,8mer,SEYIFSA
245,RRDSEYIF,8mer,EYIFSAE
246,RDSEYIFS,8mer,YIFSAEF
247,DSEYIFSA,8mer,IFSAEFI
248,SEYIFSAE,8mer,FSAEFIT
249,EYIFSAEF,8mer,SAEFITA
250,YIFSAEFI,8mer,AEFITAD
251,IFSAEFIT,8mer,EFITADC
252,FSAEFITA,8mer,FITADCS
253,SAEFITAD,8mer,ITADCSK
254,AEFITADC,8mer,TADCSKE
255,EFITADCS,8mer,ADCSKEL
256,FITADCSK,8mer,DCSKELL
257,ITADCSKE,8mer,CSKELLI
258,TADCSKEL,8mer,SKELLIE
259,ADCSKELL,8mer,KELLIEK
260,DCSKELLI,8mer,ELLIEKF
261,CSKELLIE,8mer,LLIEKFR
262,SKELLIEK,8mer,LIEKFRD
263,KELLIEKF,8mer,IEKFRDP
264,ELLIEKFR,8mer,EKFRDPQ
265,LLIEKFRD,8mer,KFRDPQM
266,LIEKFRDP,8mer,FRDPQMC
267,IEKFRDPQ,8mer,RDPQMCF
268,EKFRDPQM,8mer,DPQMCFD
269,KFRDPQMC,8mer,PQMCFDI
270,FRDPQMCF,8mer,QMCFDIC
271,RDPQMCFD,8mer,MCFDICS
272,DPQMCFDI,8mer,CFDICSC
273,PQMCFDIC,8mer,FDICSCQ
274,QMCFDICS,8mer,DICSCQF
275,MCFDICSC,8mer,ICSCQFV
276,CFDICSCQ,8mer,CSCQFVC
277,FDICSCQF,8mer,SCQFVCH
278,DICSCQFV,8mer,CQFVCHY
279,ICSCQFVC,8mer,QFVCHYS
280,CSCQFVCH,8mer,FVCHYSF
281,SCQFVCHY,8mer,VCHYSFE
282,CQFVCHYS,8mer,CHYSFES
283,QFVCHYSF,8mer,HYSFESY
284,FVCHYSFE,8mer,YSFESYE
285,VCHYSFES,8mer,SFESYEQ
286,CHYSFESY,8mer,FESYEQA
287,HYSFESYE,8mer,ESYEQAD
288,YSFESYEQ,8mer,SYEQADM
289,SFESYEQA,8mer,YEQADMM
290,FESYEQAD,8mer,EQADMML
291,ESYEQADM,8mer,QADMMLR
292,SYEQADMM,8mer,ADMMLRN
293,YEQADMML,8mer,DMMLRNA
294,EQADMMLR,8mer,MMLRNAC
295,QADMMLRN,8mer,MLRNACE
296,ADMMLRNA,8mer,LRNACER
297,DMMLRNAC,8mer,RNACERL
298,MMLRNACE,8mer,NACERLS
299,MLRNACER,8mer,ACERLSP
300,LRNACERL,8mer,CERLSPG
301,RNACERLS,8mer,ERLSPGG
302,NACERLSP,8mer,RLSPGGY
303,ACERLSPG,8mer,LSPGGYF
304,CERLSPGG,8mer,SPGGYFI
305,ERLSPGGY,8mer,PGGYFIG
306,RLSPGGYF,8mer,GGYFIGT
307,LSPGGYFI,8mer,GYFIGTT
308,SPGGYFIG,8mer,YFIGTTP
309,PGGYFIGT,8mer,FIGTTPN
310,GGYFIGTT,8mer,IGTTPNS
311,GYFIGTTP,8mer,GTTPNSF
312,YFIGTTPN,8mer,TTPNSFE
313,FIGTTPNS,8mer,TPNSFEL
314,IGTTPNSF,8mer,PNSFELI
315,GTTPNSFE,8mer,NSFELIR
316,TTPNSFEL,8mer,SFELIRR
317,TPNSFELI,8mer,FELIRRL
318,PNSFELIR,8mer,ELIRRLE
319,NSFELIRR,8mer,LIRRLEA
320,SFELIRRL,8mer,IRRLEAS
321,FELIRRLE,8mer,RRLEASE
322,ELIRRLEA,8mer,RLEASET
323,LIRRLEAS,8mer,LEASETE
324,IRRLEASE,8mer,EASETES
325,RRLEASET,8mer,ASETESF
326,RLEASETE,8mer,SETESFG
327,LEASETES,8mer,ETESFGN
328,EASETESF,8mer,TESFGNE
329,ASETESFG,8mer,ESFGNEI
330,SETESFGN,8mer,SFGNEIY
331,ETESFGNE,8mer,FGNEIYT
332,TESFGNEI,8mer,GNEIYTV
333,ESFGNEIY,8mer,NEIYTVK
334,SFGNEIYT,8mer,EIYTVKF
335,FGNEIYTV,8mer,IYTVKFQ
336,GNEIYTVK,8mer,YTVKFQK
337,NEIYTVKF,8mer,TVKFQKK
338,EIYTVKFQ,8mer,VKFQKKG
339,IYTVKFQK,8mer,KFQKKGD
340,YTVKFQKK,8mer,FQKKGDY
341,TVKFQKKG,8mer,QKKGDYP
342,VKFQKKGD,8mer,KKGDYPL
343,KFQKKGDY,8mer,KGDYPLF
344,FQKKGDYP,8mer,GDYPLFG
345,QKKGDYPL,8mer,DYPLFGC
346,KKGDYPLF,8mer,YPLFGCK
347,KGDYPLFG,8mer,PLFGCKY
348,GDYPLFGC,8mer,LFGCKYD
349,DYPLFGCK,8mer,FGCKYDF
350,YPLFGCKY,8mer,GCKYDFN
351,PLFGCKYD,8mer,CKYDFNL
352,LFGCKYDF,8mer,KYDFNLE
353,FGCKYDFN,8mer,YDFNLEG
354,GCKYDFNL,8mer,DFNLEGV
355,CKYDFNLE,8mer,FNLEGVV
356,KYDFNLEG,8mer,NLEGVVD
357,YDFNLEGV,8mer,LEGVVDV
358,DFNLEGVV,8mer,EGVVDVP
359,FNLEGVVD,8mer,GVVDVPE
360,NLEGVVDV,8mer,VVDVPEF
361,LEGVVDVP,8mer,VDVPEFL
362,EGVVDVPE,8mer,DVPEFLV
363,GVVDVPEF,8mer,VPEFLVY
364,VVDVPEFL,8mer,PEFLVYF
365,VDVPEFLV,8mer,EFLVYFP
366,DVPEFLVY,8mer,FLVYFPL
367,VPEFLVYF,8mer,LVYFPLL
368,PEFLVYFP,8mer,VYFPLLN
369,EFLVYFPL,8mer,YFPLLNE
370,FLVYFPLL,8mer,FPLLNEM
371,LVYFPLLN,8mer,PLLNEMA
372,VYFPLLNE,8mer,LLNEMAK
373,YFPLLNEM,8mer,LNEMAKK
374,FPLLNEMA,8mer,NEMAKKY
375,PLLNEMAK,8mer,EMAKKYN
376,LLNEMAKK,8mer,MAKKYNM
377,LNEMAKKY,8mer,AKKYNMK
378,NEMAKKYN,8mer,KKYNMKL
379,EMAKKYNM,8mer,KYNMKLV
380,MAKKYNMK,8mer,YNMKLVY
381,AKKYNMKL,8mer,NMKLVYK
382,KKYNMKLV,8mer,MKLVYKK
383,KYNMKLVY,8mer,KLVYKKT
384,YNMKLVYK,8mer,LVYKKTF
385,NMKLVYKK,8mer,VYKKTFL
386,MKLVYKKT,8mer,YKKTFLE
387,KLVYKKTF,8mer,KKTFLEF
388,LVYKKTFL,8mer,KTFLEFY
389,VYKKTFLE,8mer,TFLEFYE
390,YKKTFLEF,8mer,FLEFYEE
391,KKTFLEFY,8mer,LEFYEEK
392,KTFLEFYE,8mer,EFYEEKI
393,TFLEFYEE,8mer,FYEEKIK
394,FLEFYEEK,8mer,YEEKIKN
395,LEFYEEKI,8mer,EEKIKNN
396,EFYEEKIK,8mer,EKIKNNE
397,FYEEKIKN,8mer,KIKNNEN
398,YEEKIKNN,8mer,IKNNENK
399,EEKIKNNE,8mer,KNNENKM
400,EKIKNNEN,8mer,NNENKML
401,KIKNNENK,8mer,NENKMLL
402,IKNNENKM,8mer,ENKMLLK
403,KNNENKML,8mer,NKMLLKR
404,NNENKMLL,8mer,KMLLKRM
405,NENKMLLK,8mer,MLLKRMQ
406,ENKMLLKR,8mer,LLKRMQA
407,NKMLLKRM,8mer,LKRMQAL
408,KMLLKRMQ,8mer,KRMQALE
409,MLLKRMQA,8mer,RMQALEP
410,LLKRMQAL,8mer,MQALEPY
411,LKRMQALE,8mer,QALEPYP
412,KRMQALEP,8mer,ALEPYPA
413,RMQALEPY,8mer,LEPYPAN
414,MQALEPYP,8mer,EPYPANE
415,QALEPYPA,8mer,PYPANES
416,ALEPYPAN,8mer,YPANESS
417,LEPYPANE,8mer,PANESSK
418,EPYPANES,8mer,ANESSKL
419,PYPANESS,8mer,NESSKLV
420,YPANESSK,8mer,ESSKLVS
421,PANESSKL,8mer,SSKLVSE
422,ANESSKLV,8mer,SKLVSER
423,NESSKLVS,8mer,KLVSERV
424,ESSKLVSE,8mer,LVSERVD
425,SSKLVSER,8mer,VSERVDD
426,SKLVSERV,8mer,SERVDDY
427,KLVSERVD,8mer,ERVDDYE
428,LVSERVDD,8mer,RVDDYEH
429,VSERVDDY,8mer,VDDYEHA
430,SERVDDYE,8mer,DDYEHAA
431,ERVDDYEH,8mer,DYEHAAK
432,RVDDYEHA,8mer,YEHAAKY
433,VDDYEHAA,8mer,EHAAKYM
434,DDYEHAAK,8mer,HAAKYMK
435,DYEHAAKY,8mer,AAKYMKN
436,YEHAAKYM,8mer,AKYMKNS
437,EHAAKYMK,8mer,KYMKNSQ
438,HAAKYMKN,8mer,YMKNSQV
439,AAKYMKNS,8mer,MKNSQVK
440,AKYMKNSQ,8mer,KNSQVKL
441,KYMKNSQV,8mer,NSQVKLP
442,YMKNSQVK,8mer,SQVKLPL
443,MKNSQVKL,8mer,QVKLPLG
444,KNSQVKLP,8mer,VKLPLGT
445,NSQVKLPL,8mer,KLPLGTL
446,SQVKLPLG,8mer,LPLGTLS
447,QVKLPLGT,8mer,PLGTLSK
448,VKLPLGTL,8mer,LGTLSKS
449,KLPLGTLS,8mer,GTLSKSE
450,LPLGTLSK,8mer,TLSKSEW
451,PLGTLSKS,8mer,LSKSEWE
452,LGTLSKSE,8mer,SKSEWEA
453,GTLSKSEW,8mer,KSEWEAT
454,TLSKSEWE,8mer,SEWEATS
455,LSKSEWEA,8mer,EWEATSI
456,SKSEWEAT,8mer,WEATSIY
457,KSEWEATS,8mer,EATSIYL
458,SEWEATSI,8mer,ATSIYLV
459,EWEATSIY,8mer,TSIYLVF
460,WEATSIYL,8mer,SIYLVFA
461,EATSIYLV,8mer,IYLVFAF
462,ATSIYLVF,8mer,YLVFAFE
463,TSIYLVFA,8mer,LVFAFEK
464,SIYLVFAF,8mer,VFAFEKQ
465,IYLVFAFE,8mer,FAFEKQQ
466,MANSTKAEE,9mer,KAEEYEK
467,ANSTKAEEY,9mer,AEEYEKM
468,NSTKAEEYE,9mer,EEYEKMS
469,STKAEEYEK,9mer,EYEKMSV
470,TKAEEYEKM,9mer,YEKMSVE
471,KAEEYEKMS,9mer,EKMSVEQ
472,AEEYEKMSV,9mer,KMSVEQA
473,EEYEKMSVE,9mer,MSVEQAK
474,EYEKMSVEQ,9mer,SVEQAKA
475,YEKMSVEQA,9mer,VEQAKAS
476,EKMSVEQAK,9mer,EQAKASV
477,KMSVEQAKA,9mer,QAKASVN
478,MSVEQAKAS,9mer,AKASVNS
479,SVEQAKASV,9mer,KASVNSE
480,VEQAKASVN,9mer,ASVNSEA
481,EQAKASVNS,9mer,SVNSEAE
482,QAKASVNSE,9mer,VNSEAES
483,AKASVNSEA,9mer,NSEAESS
484,KASVNSEAE,9mer,SEAESSF
485,ASVNSEAES,9mer,EAESSFS
486,SVNSEAESS,9mer,AESSFSI
487,VNSEAESSF,9mer,ESSFSIN
488,NSEAESSFS,9mer,SSFSINE
489,SEAESSFSI,9mer,SFSINEN
490,EAESSFSIN,9mer,FSINENT
491,AESSFSINE,9mer,SINENTT
492,ESSFSINEN,9mer,INENTTA
493,SSFSINENT,9mer,NENTTAS
494,SFSINENTT,9mer,ENTTASG
495,FSINENTTA,9mer,NTTASGT
496,SINENTTAS,9mer,TTASGTG
497,INENTTASG,9mer,TASGTGL
498,NENTTASGT,9mer,ASGTGLS
499,ENTTASGTG,9mer,SGTGLSG
500,NTTASGTGL,9mer,GTGLSGK
501,TTASGTGLS,9mer,TGLSGKT
502,TASGTGLSG,9mer,GLSGKTS
503,ASGTGLSGK,9mer,LSGKTSV
504,SGTGLSGKT,9mer,SGKTSVC
505,GTGLSGKTS,9mer,GKTSVCR
506,TGLSGKTSV,9mer,KTSVCRQ
507,GLSGKTSVC,9mer,TSVCRQV
508,LSGKTSVCR,9mer,SVCRQVD
509,SGKTSVCRQ,9mer,VCRQVDT
510,GKTSVCRQV,9mer,CRQVDTA
511,KTSVCRQVD,9mer,RQVDTAR
512,TSVCRQVDT,9mer,QVDTARK
513,SVCRQVDTA,9mer,VDTARKR
514,VCRQVDTAR,9mer,DTARKRK
515,CRQVDTARK,9mer,TARKRKE
516,RQVDTARKR,9mer,ARKRKEF
517,QVDTARKRK,9mer,RKRKEFE
518,VDTARKRKE,9mer,KRKEFED
519,DTARKRKEF,9mer,RKEFEDD
520,TARKRKEFE,9mer,KEFEDDL
521,ARKRKEFED,9mer,EFEDDLV
522,RKRKEFEDD,9mer,FEDDLVK
523,KRKEFEDDL,9mer,EDDLVKE
524,RKEFEDDLV,9mer,DDLVKES
525,KEFEDDLVK,9mer,DLVKESS
526,EFEDDLVKE,9mer,LVKESSS
527,FEDDLVKES,9mer,VKESSSC
528,EDDLVKESS,9mer,KESSSCG
529,DDLVKESSS,9mer,ESSSCGE
530,DLVKESSSC,9mer,SSSCGEG
531,LVKESSSCG,9mer,SSCGEGT
532,VKESSSCGE,9mer,SCGEGTP
533,KESSSCGEG,9mer,CGEGTPS
534,ESSSCGEGT,9mer,GEGTPSK
535,SSSCGEGTP,9mer,EGTPSKK
536,SSCGEGTPS,9mer,GTPSKKR
537,SCGEGTPSK,9mer,TPSKKRK
538,CGEGTPSKK,9mer,PSKKRKL
539,GEGTPSKKR,9mer,SKKRKLD
540,EGTPSKKRK,9mer,KKRKLDP
541,GTPSKKRKL,9mer,KRKLDPE
542,TPSKKRKLD,9mer,RKLDPEI
543,PSKKRKLDP,9mer,KLDPEIV
544,SKKRKLDPE,9mer,LDPEIVP
545,KKRKLDPEI,9mer,DPEIVPE
546,KRKLDPEIV,9mer,PEIVPEE
547,RKLDPEIVP,9mer,EIVPEEK
548,KLDPEIVPE,9mer,IVPEEKD
549,LDPEIVPEE,9mer,VPEEKDC
550,DPEIVPEEK,9mer,PEEKDCG
551,PEIVPEEKD,9mer,EEKDCGD
552,EIVPEEKDC,9mer,EKDCGDD
553,IVPEEKDCG,9mer,KDCGDDE
554,VPEEKDCGD,9mer,DCGDDEG
555,PEEKDCGDD,9mer,CGDDEGN
556,EEKDCGDDE,9mer,GDDEGNS
557,EKDCGDDEG,9mer,DDEGNSK
558,KDCGDDEGN,9mer,DEGNSKK
559,DCGDDEGNS,9mer,EGNSKKR
560,CGDDEGNSK,9mer,GNSKKRK
561,GDDEGNSKK,9mer,NSKKRKR
562,DDEGNSKKR,9mer,SKKRKRE
563,DEGNSKKRK,9mer,KKRKRET
564,EGNSKKRKR,9mer,KRKRETE
565,GNSKKRKRE,9mer,RKRETED
566,NSKKRKRET,9mer,KRETEDV
567,SKKRKRETE,9mer,RETEDVP
568,KKRKRETED,9mer,ETEDVPK
569,KRKRETEDV,9mer,TEDVPKD
570,RKRETEDVP,9mer,EDVPKDE
571,KRETEDVPK,9mer,DVPKDEY
572,RETEDVPKD,9mer,VPKDEYS
573,ETEDVPKDE,9mer,PKDEYST
574,TEDVPKDEY,9mer,KDEYSTG
575,EDVPKDEYS,9mer,DEYSTGD
576,DVPKDEYST,9mer,EYSTGDG
577,VPKDEYSTG,9mer,YSTGDGT
578,PKDEYSTGD,9mer,STGDGTQ
579,KDEYSTGDG,9mer,TGDGTQN
580,DEYSTGDGT,9mer,GDGTQNK
581,EYSTGDGTQ,9mer,DGTQNKR
582,YSTGDGTQN,9mer,GTQNKRK
583,STGDGTQNK,9mer,TQNKRKI
584,TGDGTQNKR,9mer,QNKRKIA
585,GDGTQNKRK,9mer,NKRKIAL
586,DGTQNKRKI,9mer,KRKIALE
587,GTQNKRKIA,9mer,RKIALED
588,TQNKRKIAL,9mer,KIALEDV
589,QNKRKIALE,9mer,IALEDVP
590,NKRKIALED,9mer,ALEDVPE
591,KRKIALEDV,9mer,LEDVPEK
592,RKIALEDVP,9mer,EDVPEKQ
593,KIALEDVPE,9mer,DVPEKQK
594,IALEDVPEK,9mer,VPEKQKN
595,ALEDVPEKQ,9mer,PEKQKNL
596,LEDVPEKQK,9mer,EKQKNLE
597,EDVPEKQKN,9mer,KQKNLEE
598,DVPEKQKNL,9mer,QKNLEEG
599,VPEKQKNLE,9mer,KNLEEGH
600,PEKQKNLEE,9mer,NLEEGHS
601,EKQKNLEEG,9mer,LEEGHSS
602,KQKNLEEGH,9mer,EEGHSSA
603,QKNLEEGHS,9mer,EGHSSAV
604,KNLEEGHSS,9mer,GHSSAVA
605,NLEEGHSSA,9mer,HSSAVAA
606,LEEGHSSAV,9mer,SSAVAAH
607,EEGHSSAVA,9mer,SAVAAHY
608,EGHSSAVAA,9mer,AVAAHYN
609,GHSSAVAAH,9mer,VAAHYNE
610,HSSAVAAHY,9mer,AAHYNEL
611,SSAVAAHYN,9mer,AHYNELQ
612,SAVAAHYNE,9mer,HYNELQE
613,AVAAHYNEL,9mer,YNELQEV
614,VAAHYNELQ,9mer,NELQEVG
615,AAHYNELQE,9mer,ELQEVGL
616,AHYNELQEV,9mer,LQEVGLE
617,HYNELQEVG,9mer,QEVGLEK
618,YNELQEVGL,9mer,EVGLEKR
619,NELQEVGLE,9mer,VGLEKRS
620,ELQEVGLEK,9mer,GLEKRSQ
621,LQEVGLEKR,9mer,LEKRSQS
622,QEVGLEKRS,9mer,EKRSQSR
623,EVGLEKRSQ,9mer,KRSQSRI
624,VGLEKRSQS,9mer,RSQSRIF
625,GLEKRSQSR,9mer,SQSRIFY
626,LEKRSQSRI,9mer,QSRIFYL
627,EKRSQSRIF,9mer,SRIFYLR
628,KRSQSRIFY,9mer,RIFYLRN
629,RSQSRIFYL,9mer,IFYLRNF
630,SQSRIFYLR,9mer,FYLRNFN
631,QSRIFYLRN,9mer,YLRNFNN
632,SRIFYLRNF,9mer,LRNFNNW
633,RIFYLRNFN,9mer,RNFNNWM
634,IFYLRNFNN,9mer,NFNNWMK
635,FYLRNFNNW,9mer,FNNWMKS
636,YLRNFNNWM,9mer,NNWMKSV
637,LRNFNNWMK,9mer,NWMKSVL
638,RNFNNWMKS,9mer,WMKSVLI
639,NFNNWMKSV,9mer,MKSVLIG
640,FNNWMKSVL,9mer,KSVLIGE
641,NNWMKSVLI,9mer,SVLIGEF
642,NWMKSVLIG,9mer,VLIGEFL
643,WMKSVLIGE,9mer,LIGEFLE
644,MKSVLIGEF,9mer,IGEFLEK
645,KSVLIGEFL,9mer,GEFLEKV
646,SVLIGEFLE,9mer,EFLEKVR
647,VLIGEFLEK,9mer,FLEKVRQ
648,LIGEFLEKV,9mer,LEKVRQK
649,IGEFLEKVR,9mer,EKVRQKK
650,GEFLEKVRQ,9mer,KVRQKKK
651,EFLEKVRQK,9mer,VRQKKKR
652,FLEKVRQKK,9mer,RQKKKRD
653,LEKVRQKKK,9mer,QKKKRDI
654,EKVRQKKKR,9mer,KKKRDIT
655,KVRQKKKRD,9mer,KKRDITV
656,VRQKKKRDI,9mer,KRDITVL
657,RQKKKRDIT,9mer,RDITVLD
658,QKKKRDITV,9mer,DITVLDL
659,KKKRDITVL,9mer,ITVLDLG
660,KKRDITVLD,9mer,TVLDLGC
661,KRDITVLDL,9mer,VLDLGCG
662,RDITVLDLG,9mer,LDLGCGK
663,DITVLDLGC,9mer,DLGCGKG
664,ITVLDLGCG,9mer,LGCGKGG
665,TVLDLGCGK,9mer,GCGKGGD
666,VLDLGCGKG,9mer,CGKGGDL
667,LDLGCGKGG,9mer,GKGGDLL
668,DLGCGKGGD,9mer,KGGDLLK
669,LGCGKGGDL,9mer,GGDLLKW
670,GCGKGGDLL,9mer,GDLLKWK
671,CGKGGDLLK,9mer,DLLKWKK
672,GKGGDLLKW,9mer,LLKWKKG
673,KGGDLLKWK,9mer,LKWKKGR
674,GGDLLKWKK,9mer,KWKKGRI
675,GDLLKWKKG,9mer,WKKGRIN
676,DLLKWKKGR,9mer,KKGRINK
677,LLKWKKGRI,9mer,KGRINKL
678,LKWKKGRIN,9mer,GRINKLV
679,KWKKGRINK,9mer,RINKLVC
680,WKKGRINKL,9mer,INKLVCT
681,KKGRINKLV,9mer,NKLVCTD
682,KGRINKLVC,9mer,KLVCTDI
683,GRINKLVCT,9mer,LVCTDIA
684,RINKLVCTD,9mer,VCTDIAD
685,INKLVCTDI,9mer,CTDIADV
686,NKLVCTDIA,9mer,TDIADVS
687,KLVCTDIAD,9mer,DIADVSI
688,LVCTDIADV,9mer,IADVSIK
689,VCTDIADVS,9mer,ADVSIKQ
690,CTDIADVSI,9mer,DVSIKQC
691,TDIADVSIK,9mer,VSIKQCQ
692,DIADVSIKQ,9mer,SIKQCQQ
693,IADVSIKQC,9mer,IKQCQQR
694,ADVSIKQCQ,9mer,KQCQQRY
695,DVSIKQCQQ,9mer,QCQQRYE
696,VSIKQCQQR,9mer,CQQRYED
697,SIKQCQQRY,9mer,QQRYEDM
698,IKQCQQRYE,9mer,QRYEDMK
699,KQCQQRYED,9mer,RYEDMKN
700,QCQQRYEDM,9mer,YEDMKNR
701,CQQRYEDMK,9mer,EDMKNRR
702,QQRYEDMKN,9mer,DMKNRRD
703,QRYEDMKNR,9mer,MKNRRDS
704,RYEDMKNRR,9mer,KNRRDSE
705,YEDMKNRRD,9mer,NRRDSEY
706,EDMKNRRDS,9mer,RRDSEYI
707,DMKNRRDSE,9mer,RDSEYIF
708,MKNRRDSEY,9mer,DSEYIFS
709,KNRRDSEYI,9mer,SEYIFSA
710,NRRDSEYIF,9mer,EYIFSAE
711,RRDSEYIFS,9mer,YIFSAEF
712,RDSEYIFSA,9mer,IFSAEFI
713,DSEYIFSAE,9mer,FSAEFIT
714,SEYIFSAEF,9mer,SAEFITA
715,EYIFSAEFI,9mer,AEFITAD
716,YIFSAEFIT,9mer,EFITADC
717,IFSAEFITA,9mer,FITADCS
718,FSAEFITAD,9mer,ITADCSK
719,SAEFITADC,9mer,TADCSKE
720,AEFITADCS,9mer,ADCSKEL
721,EFITADCSK,9mer,DCSKELL
722,FITADCSKE,9mer,CSKELLI
723,ITADCSKEL,9mer,SKELLIE
724,TADCSKELL,9mer,KELLIEK
725,ADCSKELLI,9mer,ELLIEKF
726,DCSKELLIE,9mer,LLIEKFR
727,CSKELLIEK,9mer,LIEKFRD
728,SKELLIEKF,9mer,IEKFRDP
729,KELLIEKFR,9mer,EKFRDPQ
730,ELLIEKFRD,9mer,KFRDPQM
731,LLIEKFRDP,9mer,FRDPQMC
732,LIEKFRDPQ,9mer,RDPQMCF
733,IEKFRDPQM,9mer,DPQMCFD
734,EKFRDPQMC,9mer,PQMCFDI
735,KFRDPQMCF,9mer,QMCFDIC
736,FRDPQMCFD,9mer,MCFDICS
737,RDPQMCFDI,9mer,CFDICSC
738,DPQMCFDIC,9mer,FDICSCQ
739,PQMCFDICS,9mer,DICSCQF
740,QMCFDICSC,9mer,ICSCQFV
741,MCFDICSCQ,9mer,CSCQFVC
742,CFDICSCQF,9mer,SCQFVCH
743,FDICSCQFV,9mer,CQFVCHY
744,DICSCQFVC,9mer,QFVCHYS
745,ICSCQFVCH,9mer,FVCHYSF
746,CSCQFVCHY,9mer,VCHYSFE
747,SCQFVCHYS,9mer,CHYSFES
748,CQFVCHYSF,9mer,HYSFESY
749,QFVCHYSFE,9mer,YSFESYE
750,FVCHYSFES,9mer,SFESYEQ
751,VCHYSFESY,9mer,FESYEQA
752,CHYSFESYE,9mer,ESYEQAD
753,HYSFESYEQ,9mer,SYEQADM
754,YSFESYEQA,9mer,YEQADMM
755,SFESYEQAD,9mer,EQADMML
756,FESYEQADM,9mer,QADMMLR
757,ESYEQADMM,9mer,ADMMLRN
758,SYEQADMML,9mer,DMMLRNA
759,YEQADMMLR,9mer,MMLRNAC
760,EQADMMLRN,9mer,MLRNACE
761,QADMMLRNA,9mer,LRNACER
762,ADMMLRNAC,9mer,RNACERL
763,DMMLRNACE,9mer,NACERLS
764,MMLRNACER,9mer,ACERLSP
765,MLRNACERL,9mer,CERLSPG
766,LRNACERLS,9mer,ERLSPGG
767,RNACERLSP,9mer,RLSPGGY
768,NACERLSPG,9mer,LSPGGYF
769,ACERLSPGG,9mer,SPGGYFI
770,CERLSPGGY,9mer,PGGYFIG
771,ERLSPGGYF,9mer,GGYFIGT
772,RLSPGGYFI,9mer,GYFIGTT
773,LSPGGYFIG,9mer,YFIGTTP
774,SPGGYFIGT,9mer,FIGTTPN
775,PGGYFIGTT,9mer,IGTTPNS
776,GGYFIGTTP,9mer,GTTPNSF
777,GYFIGTTPN,9mer,TTPNSFE
778,YFIGTTPNS,9mer,TPNSFEL
779,FIGTTPNSF,9mer,PNSFELI
780,IGTTPNSFE,9mer,NSFELIR
781,GTTPNSFEL,9mer,SFELIRR
782,TTPNSFELI,9mer,FELIRRL
783,TPNSFELIR,9mer,ELIRRLE
784,PNSFELIRR,9mer,LIRRLEA
785,NSFELIRRL,9mer,IRRLEAS
786,SFELIRRLE,9mer,RRLEASE
787,FELIRRLEA,9mer,RLEASET
788,ELIRRLEAS,9mer,LEASETE
789,LIRRLEASE,9mer,EASETES
790,IRRLEASET,9mer,ASETESF
791,RRLEASETE,9mer,SETESFG
792,RLEASETES,9mer,ETESFGN
793,LEASETESF,9mer,TESFGNE
794,EASETESFG,9mer,ESFGNEI
795,ASETESFGN,9mer,SFGNEIY
796,SETESFGNE,9mer,FGNEIYT
797,ETESFGNEI,9mer,GNEIYTV
798,TESFGNEIY,9mer,NEIYTVK
799,ESFGNEIYT,9mer,EIYTVKF
800,SFGNEIYTV,9mer,IYTVKFQ
801,FGNEIYTVK,9mer,YTVKFQK
802,GNEIYTVKF,9mer,TVKFQKK
803,NEIYTVKFQ,9mer,VKFQKKG
804,EIYTVKFQK,9mer,KFQKKGD
805,IYTVKFQKK,9mer,FQKKGDY
806,YTVKFQKKG,9mer,QKKGDYP
807,TVKFQKKGD,9mer,KKGDYPL
808,VKFQKKGDY,9mer,KGDYPLF
809,KFQKKGDYP,9mer,GDYPLFG
810,FQKKGDYPL,9mer,DYPLFGC
811,QKKGDYPLF,9mer,YPLFGCK
812,KKGDYPLFG,9mer,PLFGCKY
813,KGDYPLFGC,9mer,LFGCKYD
814,GDYPLFGCK,9mer,FGCKYDF
815,DYPLFGCKY,9mer,GCKYDFN
816,YPLFGCKYD,9mer,CKYDFNL
817,PLFGCKYDF,9mer,KYDFNLE
818,LFGCKYDFN,9mer,YDFNLEG
819,FGCKYDFNL,9mer,DFNLEGV
820,GCKYDFNLE,9mer,FNLEGVV
821,CKYDFNLEG,9mer,NLEGVVD
822,KYDFNLEGV,9mer,LEGVVDV
823,YDFNLEGVV,9mer,EGVVDVP
824,DFNLEGVVD,9mer,GVVDVPE
825,FNLEGVVDV,9mer,VVDVPEF
826,NLEGVVDVP,9mer,VDVPEFL
827,LEGVVDVPE,9mer,DVPEFLV
828,EGVVDVPEF,9mer,VPEFLVY
829,GVVDVPEFL,9mer,PEFLVYF
830,VVDVPEFLV,9mer,EFLVYFP
831,VDVPEFLVY,9mer,FLVYFPL
832,DVPEFLVYF,9mer,LVYFPLL
833,VPEFLVYFP,9mer,VYFPLLN
834,PEFLVYFPL,9mer,YFPLLNE
835,EFLVYFPLL,9mer,FPLLNEM
836,FLVYFPLLN,9mer,PLLNEMA
837,LVYFPLLNE,9mer,LLNEMAK
838,VYFPLLNEM,9mer,LNEMAKK
839,YFPLLNEMA,9mer,NEMAKKY
840,FPLLNEMAK,9mer,EMAKKYN
841,PLLNEMAKK,9mer,MAKKYNM
842,LLNEMAKKY,9mer,AKKYNMK
843,LNEMAKKYN,9mer,KKYNMKL
844,NEMAKKYNM,9mer,KYNMKLV
845,EMAKKYNMK,9mer,YNMKLVY
846,MAKKYNMKL,9mer,NMKLVYK
847,AKKYNMKLV,9mer,MKLVYKK
848,KKYNMKLVY,9mer,KLVYKKT
849,KYNMKLVYK,9mer,LVYKKTF
850,YNMKLVYKK,9mer,VYKKTFL
851,NMKLVYKKT,9mer,YKKTFLE
852,MKLVYKKTF,9mer,KKTFLEF
853,KLVYKKTFL,9mer,KTFLEFY
854,LVYKKTFLE,9mer,TFLEFYE
855,VYKKTFLEF,9mer,FLEFYEE
856,YKKTFLEFY,9mer,LEFYEEK
857,KKTFLEFYE,9mer,EFYEEKI
858,KTFLEFYEE,9mer,FYEEKIK
859,TFLEFYEEK,9mer,YEEKIKN
860,FLEFYEEKI,9mer,EEKIKNN
861,LEFYEEKIK,9mer,EKIKNNE
862,EFYEEKIKN,9mer,KIKNNEN
863,FYEEKIKNN,9mer,IKNNENK
864,YEEKIKNNE,9mer,KNNENKM
865,EEKIKNNEN,9mer,NNENKML
866,EKIKNNENK,9mer,NENKMLL
867,KIKNNENKM,9mer,ENKMLLK
868,IKNNENKML,9mer,NKMLLKR
869,KNNENKMLL,9mer,KMLLKRM
870,NNENKMLLK,9mer,MLLKRMQ
871,NENKMLLKR,9mer,LLKRMQA
872,ENKMLLKRM,9mer,LKRMQAL
873,NKMLLKRMQ,9mer,KRMQALE
874,KMLLKRMQA,9mer,RMQALEP
875,MLLKRMQAL,9mer,MQALEPY
876,LLKRMQALE,9mer,QALEPYP
877,LKRMQALEP,9mer,ALEPYPA
878,KRMQALEPY,9mer,LEPYPAN
879,RMQALEPYP,9mer,EPYPANE
880,MQALEPYPA,9mer,PYPANES
881,QALEPYPAN,9mer,YPANESS
882,ALEPYPANE,9mer,PANESSK
883,LEPYPANES,9mer,ANESSKL
884,EPYPANESS,9mer,NESSKLV
885,PYPANESSK,9mer,ESSKLVS
886,YPANESSKL,9mer,SSKLVSE
887,PANESSKLV,9mer,SKLVSER
888,ANESSKLVS,9mer,KLVSERV
889,NESSKLVSE,9mer,LVSERVD
890,ESSKLVSER,9mer,VSERVDD
891,SSKLVSERV,9mer,SERVDDY
892,SKLVSERVD,9mer,ERVDDYE
893,KLVSERVDD,9mer,RVDDYEH
894,LVSERVDDY,9mer,VDDYEHA
895,VSERVDDYE,9mer,DDYEHAA
896,SERVDDYEH,9mer,DYEHAAK
897,ERVDDYEHA,9mer,YEHAAKY
898,RVDDYEHAA,9mer,EHAAKYM
899,VDDYEHAAK,9mer,HAAKYMK
900,DDYEHAAKY,9mer,AAKYMKN
901,DYEHAAKYM,9mer,AKYMKNS
902,YEHAAKYMK,9mer,KYMKNSQ
903,EHAAKYMKN,9mer,YMKNSQV
904,HAAKYMKNS,9mer,MKNSQVK
905,AAKYMKNSQ,9mer,KNSQVKL
906,AKYMKNSQV,9mer,NSQVKLP
907,KYMKNSQVK,9mer,SQVKLPL
908,YMKNSQVKL,9mer,QVKLPLG
909,MKNSQVKLP,9mer,VKLPLGT
910,KNSQVKLPL,9mer,KLPLGTL
911,NSQVKLPLG,9mer,LPLGTLS
912,SQVKLPLGT,9mer,PLGTLSK
913,QVKLPLGTL,9mer,LGTLSKS
914,VKLPLGTLS,9mer,GTLSKSE
915,KLPLGTLSK,9mer,TLSKSEW
916,LPLGTLSKS,9mer,LSKSEWE
917,PLGTLSKSE,9mer,SKSEWEA
918,LGTLSKSEW,9mer,KSEWEAT
919,GTLSKSEWE,9mer,SEWEATS
920,TLSKSEWEA,9mer,EWEATSI
921,LSKSEWEAT,9mer,WEATSIY
922,SKSEWEATS,9mer,EATSIYL
923,KSEWEATSI,9mer,ATSIYLV
924,SEWEATSIY,9mer,TSIYLVF
925,EWEATSIYL,9mer,SIYLVFA
926,WEATSIYLV,9mer,IYLVFAF
927,EATSIYLVF,9mer,YLVFAFE
928,ATSIYLVFA,9mer,LVFAFEK
929,TSIYLVFAF,9mer,VFAFEKQ
930,SIYLVFAFE,9mer,FAFEKQQ
931,MANSTKAEEY,10mer,AEEYEKM
932,ANSTKAEEYE,10mer,EEYEKMS
933,NSTKAEEYEK,10mer,EYEKMSV
934,STKAEEYEKM,10mer,YEKMSVE
935,TKAEEYEKMS,10mer,EKMSVEQ
936,KAEEYEKMSV,10mer,KMSVEQA
937,AEEYEKMSVE,10mer,MSVEQAK
938,EEYEKMSVEQ,10mer,SVEQAKA
939,EYEKMSVEQA,10mer,VEQAKAS
940,YEKMSVEQAK,10mer,EQAKASV
941,EKMSVEQAKA,10mer,QAKASVN
942,KMSVEQAKAS,10mer,AKASVNS
943,MSVEQAKASV,10mer,KASVNSE
944,SVEQAKASVN,10mer,ASVNSEA
945,VEQAKASVNS,10mer,SVNSEAE
946,EQAKASVNSE,10mer,VNSEAES
947,QAKASVNSEA,10mer,NSEAESS
948,AKASVNSEAE,10mer,SEAESSF
949,KASVNSEAES,10mer,EAESSFS
950,ASVNSEAESS,10mer,AESSFSI
951,SVNSEAESSF,10mer,ESSFSIN
952,VNSEAESSFS,10mer,SSFSINE
953,NSEAESSFSI,10mer,SFSINEN
954,SEAESSFSIN,10mer,FSINENT
955,EAESSFSINE,10mer,SINENTT
956,AESSFSINEN,10mer,INENTTA
957,ESSFSINENT,10mer,NENTTAS
958,SSFSINENTT,10mer,ENTTASG
959,SFSINENTTA,10mer,NTTASGT
960,FSINENTTAS,10mer,TTASGTG
961,SINENTTASG,10mer,TASGTGL
962,INENTTASGT,10mer,ASGTGLS
963,NENTTASGTG,10mer,SGTGLSG
964,ENTTASGTGL,10mer,GTGLSGK
965,NTTASGTGLS,10mer,TGLSGKT
966,TTASGTGLSG,10mer,GLSGKTS
967,TASGTGLSGK,10mer,LSGKTSV
968,ASGTGLSGKT,10mer,SGKTSVC
969,SGTGLSGKTS,10mer,GKTSVCR
970,GTGLSGKTSV,10mer,KTSVCRQ
971,TGLSGKTSVC,10mer,TSVCRQV
972,GLSGKTSVCR,10mer,SVCRQVD
973,LSGKTSVCRQ,10mer,VCRQVDT
974,SGKTSVCRQV,10mer,CRQVDTA
975,GKTSVCRQVD,10mer,RQVDTAR
976,KTSVCRQVDT,10mer,QVDTARK
977,TSVCRQVDTA,10mer,VDTARKR
978,SVCRQVDTAR,10mer,DTARKRK
979,VCRQVDTARK,10mer,TARKRKE
980,CRQVDTARKR,10mer,ARKRKEF
981,RQVDTARKRK,10mer,RKRKEFE
982,QVDTARKRKE,10mer,KRKEFED
983,VDTARKRKEF,10mer,RKEFEDD
984,DTARKRKEFE,10mer,KEFEDDL
985,TARKRKEFED,10mer,EFEDDLV
986,ARKRKEFEDD,10mer,FEDDLVK
987,RKRKEFEDDL,10mer,EDDLVKE
988,KRKEFEDDLV,10mer,DDLVKES
989,RKEFEDDLVK,10mer,DLVKESS
990,KEFEDDLVKE,10mer,LVKESSS
991,EFEDDLVKES,10mer,VKESSSC
992,FEDDLVKESS,10mer,KESSSCG
993,EDDLVKESSS,10mer,ESSSCGE
994,DDLVKESSSC,10mer,SSSCGEG
995,DLVKESSSCG,10mer,SSCGEGT
996,LVKESSSCGE,10mer,SCGEGTP
997,VKESSSCGEG,10mer,CGEGTPS
998,KESSSCGEGT,10mer,GEGTPSK
999,ESSSCGEGTP,10mer,EGTPSKK
1000,SSSCGEGTPS,10mer,GTPSKKR
1001,SSCGEGTPSK,10mer,TPSKKRK
1002,SCGEGTPSKK,10mer,PSKKRKL
1003,CGEGTPSKKR,10mer,SKKRKLD
1004,GEGTPSKKRK,10mer,KKRKLDP
1005,EGTPSKKRKL,10mer,KRKLDPE
1006,GTPSKKRKLD,10mer,RKLDPEI
1007,TPSKKRKLDP,10mer,KLDPEIV
1008,PSKKRKLDPE,10mer,LDPEIVP
1009,SKKRKLDPEI,10mer,DPEIVPE
1010,KKRKLDPEIV,10mer,PEIVPEE
1011,KRKLDPEIVP,10mer,EIVPEEK
1012,RKLDPEIVPE,10mer,IVPEEKD
1013,KLDPEIVPEE,10mer,VPEEKDC
1014,LDPEIVPEEK,10mer,PEEKDCG
1015,DPEIVPEEKD,10mer,EEKDCGD
1016,PEIVPEEKDC,10mer,EKDCGDD
1017,EIVPEEKDCG,10mer,KDCGDDE
1018,IVPEEKDCGD,10mer,DCGDDEG
1019,VPEEKDCGDD,10mer,CGDDEGN
1020,PEEKDCGDDE,10mer,GDDEGNS
1021,EEKDCGDDEG,10mer,DDEGNSK
1022,EKDCGDDEGN,10mer,DEGNSKK
1023,KDCGDDEGNS,10mer,EGNSKKR
1024,DCGDDEGNSK,10mer,GNSKKRK
1025,CGDDEGNSKK,10mer,NSKKRKR
1026,GDDEGNSKKR,10mer,SKKRKRE
1027,DDEGNSKKRK,10mer,KKRKRET
1028,DEGNSKKRKR,10mer,KRKRETE
1029,EGNSKKRKRE,10mer,RKRETED
1030,GNSKKRKRET,10mer,KRETEDV
1031,NSKKRKRETE,10mer,RETEDVP
1032,SKKRKRETED,10mer,ETEDVPK
1033,KKRKRETEDV,10mer,TEDVPKD
1034,KRKRETEDVP,10mer,EDVPKDE
1035,RKRETEDVPK,10mer,DVPKDEY
1036,KRETEDVPKD,10mer,VPKDEYS
1037,RETEDVPKDE,10mer,PKDEYST
1038,ETEDVPKDEY,10mer,KDEYSTG
1039,TEDVPKDEYS,10mer,DEYSTGD
1040,EDVPKDEYST,10mer,EYSTGDG
1041,DVPKDEYSTG,10mer,YSTGDGT
1042,VPKDEYSTGD,10mer,STGDGTQ
1043,PKDEYSTGDG,10mer,TGDGTQN
1044,KDEYSTGDGT,10mer,GDGTQNK
1045,DEYSTGDGTQ,10mer,DGTQNKR
1046,EYSTGDGTQN,10mer,GTQNKRK
1047,YSTGDGTQNK,10mer,TQNKRKI
1048,STGDGTQNKR,10mer,QNKRKIA
1049,TGDGTQNKRK,10mer,NKRKIAL
1050,GDGTQNKRKI,10mer,KRKIALE
1051,DGTQNKRKIA,10mer,RKIALED
1052,GTQNKRKIAL,10mer,KIALEDV
1053,TQNKRKIALE,10mer,IALEDVP
1054,QNKRKIALED,10mer,ALEDVPE
1055,NKRKIALEDV,10mer,LEDVPEK
1056,KRKIALEDVP,10mer,EDVPEKQ
1057,RKIALEDVPE,10mer,DVPEKQK
1058,KIALEDVPEK,10mer,VPEKQKN
1059,IALEDVPEKQ,10mer,PEKQKNL
1060,ALEDVPEKQK,10mer,EKQKNLE
1061,LEDVPEKQKN,10mer,KQKNLEE
1062,EDVPEKQKNL,10mer,QKNLEEG
1063,DVPEKQKNLE,10mer,KNLEEGH
1064,VPEKQKNLEE,10mer,NLEEGHS
1065,PEKQKNLEEG,10mer,LEEGHSS
1066,EKQKNLEEGH,10mer,EEGHSSA
1067,KQKNLEEGHS,10mer,EGHSSAV
1068,QKNLEEGHSS,10mer,GHSSAVA
1069,KNLEEGHSSA,10mer,HSSAVAA
1070,NLEEGHSSAV,10mer,SSAVAAH
1071,LEEGHSSAVA,10mer,SAVAAHY
1072,EEGHSSAVAA,10mer,AVAAHYN
1073,EGHSSAVAAH,10mer,VAAHYNE
1074,GHSSAVAAHY,10mer,AAHYNEL
1075,HSSAVAAHYN,10mer,AHYNELQ
1076,SSAVAAHYNE,10mer,HYNELQE
1077,SAVAAHYNEL,10mer,YNELQEV
1078,AVAAHYNELQ,10mer,NELQEVG
1079,VAAHYNELQE,10mer,ELQEVGL
1080,AAHYNELQEV,10mer,LQEVGLE
1081,AHYNELQEVG,10mer,QEVGLEK
1082,HYNELQEVGL,10mer,EVGLEKR
1083,YNELQEVGLE,10mer,VGLEKRS
1084,NELQEVGLEK,10mer,GLEKRSQ
1085,ELQEVGLEKR,10mer,LEKRSQS
1086,LQEVGLEKRS,10mer,EKRSQSR
1087,QEVGLEKRSQ,10mer,KRSQSRI
1088,EVGLEKRSQS,10mer,RSQSRIF
1089,VGLEKRSQSR,10mer,SQSRIFY
1090,GLEKRSQSRI,10mer,QSRIFYL
1091,LEKRSQSRIF,10mer,SRIFYLR
1092,EKRSQSRIFY,10mer,RIFYLRN
1093,KRSQSRIFYL,10mer,IFYLRNF
1094,RSQSRIFYLR,10mer,FYLRNFN
1095,SQSRIFYLRN,10mer,YLRNFNN
1096,QSRIFYLRNF,10mer,LRNFNNW
1097,SRIFYLRNFN,10mer,RNFNNWM
1098,RIFYLRNFNN,10mer,NFNNWMK
1099,IFYLRNFNNW,10mer,FNNWMKS
1100,FYLRNFNNWM,10mer,NNWMKSV
1101,YLRNFNNWMK,10mer,NWMKSVL
1102,LRNFNNWMKS,10mer,WMKSVLI
1103,RNFNNWMKSV,10mer,MKSVLIG
1104,NFNNWMKSVL,10mer,KSVLIGE
1105,FNNWMKSVLI,10mer,SVLIGEF
1106,NNWMKSVLIG,10mer,VLIGEFL
1107,NWMKSVLIGE,10mer,LIGEFLE
1108,WMKSVLIGEF,10mer,IGEFLEK
1109,MKSVLIGEFL,10mer,GEFLEKV
1110,KSVLIGEFLE,10mer,EFLEKVR
1111,SVLIGEFLEK,10mer,FLEKVRQ
1112,VLIGEFLEKV,10mer,LEKVRQK
1113,LIGEFLEKVR,10mer,EKVRQKK
1114,IGEFLEKVRQ,10mer,KVRQKKK
1115,GEFLEKVRQK,10mer,VRQKKKR
1116,EFLEKVRQKK,10mer,RQKKKRD
1117,FLEKVRQKKK,10mer,QKKKRDI
1118,LEKVRQKKKR,10mer,KKKRDIT
1119,EKVRQKKKRD,10mer,KKRDITV
1120,KVRQKKKRDI,10mer,KRDITVL
1121,VRQKKKRDIT,10mer,RDITVLD
1122,RQKKKRDITV,10mer,DITVLDL
1123,QKKKRDITVL,10mer,ITVLDLG
1124,KKKRDITVLD,10mer,TVLDLGC
1125,KKRDITVLDL,10mer,VLDLGCG
1126,KRDITVLDLG,10mer,LDLGCGK
1127,RDITVLDLGC,10mer,DLGCGKG
1128,DITVLDLGCG,10mer,LGCGKGG
1129,ITVLDLGCGK,10mer,GCGKGGD
1130,TVLDLGCGKG,10mer,CGKGGDL
1131,VLDLGCGKGG,10mer,GKGGDLL
1132,LDLGCGKGGD,10mer,KGGDLLK
1133,DLGCGKGGDL,10mer,GGDLLKW
1134,LGCGKGGDLL,10mer,GDLLKWK
1135,GCGKGGDLLK,10mer,DLLKWKK
1136,CGKGGDLLKW,10mer,LLKWKKG
1137,GKGGDLLKWK,10mer,LKWKKGR
1138,KGGDLLKWKK,10mer,KWKKGRI
1139,GGDLLKWKKG,10mer,WKKGRIN
1140,GDLLKWKKGR,10mer,KKGRINK
1141,DLLKWKKGRI,10mer,KGRINKL
1142,LLKWKKGRIN,10mer,GRINKLV
1143,LKWKKGRINK,10mer,RINKLVC
1144,KWKKGRINKL,10mer,INKLVCT
1145,WKKGRINKLV,10mer,NKLVCTD
1146,KKGRINKLVC,10mer,KLVCTDI
1147,KGRINKLVCT,10mer,LVCTDIA
1148,GRINKLVCTD,10mer,VCTDIAD
1149,RINKLVCTDI,10mer,CTDIADV
1150,INKLVCTDIA,10mer,TDIADVS
1151,NKLVCTDIAD,10mer,DIADVSI
1152,KLVCTDIADV,10mer,IADVSIK
1153,LVCTDIADVS,10mer,ADVSIKQ
1154,VCTDIADVSI,10mer,DVSIKQC
1155,CTDIADVSIK,10mer,VSIKQCQ
1156,TDIADVSIKQ,10mer,SIKQCQQ
1157,DIADVSIKQC,10mer,IKQCQQR
1158,IADVSIKQCQ,10mer,KQCQQRY
1159,ADVSIKQCQQ,10mer,QCQQRYE
1160,DVSIKQCQQR,10mer,CQQRYED
1161,VSIKQCQQRY,10mer,QQRYEDM
1162,SIKQCQQRYE,10mer,QRYEDMK
1163,IKQCQQRYED,10mer,RYEDMKN
1164,KQCQQRYEDM,10mer,YEDMKNR
1165,QCQQRYEDMK,10mer,EDMKNRR
1166,CQQRYEDMKN,10mer,DMKNRRD
1167,QQRYEDMKNR,10mer,MKNRRDS
1168,QRYEDMKNRR,10mer,KNRRDSE
1169,RYEDMKNRRD,10mer,NRRDSEY
1170,YEDMKNRRDS,10mer,RRDSEYI
1171,EDMKNRRDSE,10mer,RDSEYIF
1172,DMKNRRDSEY,10mer,DSEYIFS
1173,MKNRRDSEYI,10mer,SEYIFSA
1174,KNRRDSEYIF,10mer,EYIFSAE
1175,NRRDSEYIFS,10mer,YIFSAEF
1176,RRDSEYIFSA,10mer,IFSAEFI
1177,RDSEYIFSAE,10mer,FSAEFIT
1178,DSEYIFSAEF,10mer,SAEFITA
1179,SEYIFSAEFI,10mer,AEFITAD
1180,EYIFSAEFIT,10mer,EFITADC
1181,YIFSAEFITA,10mer,FITADCS
1182,IFSAEFITAD,10mer,ITADCSK
1183,FSAEFITADC,10mer,TADCSKE
1184,SAEFITADCS,10mer,ADCSKEL
1185,AEFITADCSK,10mer,DCSKELL
1186,EFITADCSKE,10mer,CSKELLI
1187,FITADCSKEL,10mer,SKELLIE
1188,ITADCSKELL,10mer,KELLIEK
1189,TADCSKELLI,10mer,ELLIEKF
1190,ADCSKELLIE,10mer,LLIEKFR
1191,DCSKELLIEK,10mer,LIEKFRD
1192,CSKELLIEKF,10mer,IEKFRDP
1193,SKELLIEKFR,10mer,EKFRDPQ
1194,KELLIEKFRD,10mer,KFRDPQM
1195,ELLIEKFRDP,10mer,FRDPQMC
1196,LLIEKFRDPQ,10mer,RDPQMCF
1197,LIEKFRDPQM,10mer,DPQMCFD
1198,IEKFRDPQMC,10mer,PQMCFDI
1199,EKFRDPQMCF,10mer,QMCFDIC
1200,KFRDPQMCFD,10mer,MCFDICS
1201,FRDPQMCFDI,10mer,CFDICSC
1202,RDPQMCFDIC,10mer,FDICSCQ
1203,DPQMCFDICS,10mer,DICSCQF
1204,PQMCFDICSC,10mer,ICSCQFV
1205,QMCFDICSCQ,10mer,CSCQFVC
1206,MCFDICSCQF,10mer,SCQFVCH
1207,CFDICSCQFV,10mer,CQFVCHY
1208,FDICSCQFVC,10mer,QFVCHYS
1209,DICSCQFVCH,10mer,FVCHYSF
1210,ICSCQFVCHY,10mer,VCHYSFE
1211,CSCQFVCHYS,10mer,CHYSFES
1212,SCQFVCHYSF,10mer,HYSFESY
1213,CQFVCHYSFE,10mer,YSFESYE
1214,QFVCHYSFES,10mer,SFESYEQ
1215,FVCHYSFESY,10mer,FESYEQA
1216,VCHYSFESYE,10mer,ESYEQAD
1217,CHYSFESYEQ,10mer,SYEQADM
1218,HYSFESYEQA,10mer,YEQADMM
1219,YSFESYEQAD,10mer,EQADMML
1220,SFESYEQADM,10mer,QADMMLR
1221,FESYEQADMM,10mer,ADMMLRN
1222,ESYEQADMML,10mer,DMMLRNA
1223,SYEQADMMLR,10mer,MMLRNAC
1224,YEQADMMLRN,10mer,MLRNACE
1225,EQADMMLRNA,10mer,LRNACER
1226,QADMMLRNAC,10mer,RNACERL
1227,ADMMLRNACE,10mer,NACERLS
1228,DMMLRNACER,10mer,ACERLSP
1229,MMLRNACERL,10mer,CERLSPG
1230,MLRNACERLS,10mer,ERLSPGG
1231,LRNACERLSP,10mer,RLSPGGY
1232,RNACERLSPG,10mer,LSPGGYF
1233,NACERLSPGG,10mer,SPGGYFI
1234,ACERLSPGGY,10mer,PGGYFIG
1235,CERLSPGGYF,10mer,GGYFIGT
1236,ERLSPGGYFI,10mer,GYFIGTT
1237,RLSPGGYFIG,10mer,YFIGTTP
1238,LSPGGYFIGT,10mer,FIGTTPN
1239,SPGGYFIGTT,10mer,IGTTPNS
1240,PGGYFIGTTP,10mer,GTTPNSF
1241,GGYFIGTTPN,10mer,TTPNSFE
1242,GYFIGTTPNS,10mer,TPNSFEL
1243,YFIGTTPNSF,10mer,PNSFELI
1244,FIGTTPNSFE,10mer,NSFELIR
1245,IGTTPNSFEL,10mer,SFELIRR
1246,GTTPNSFELI,10mer,FELIRRL
1247,TTPNSFELIR,10mer,ELIRRLE
1248,TPNSFELIRR,10mer,LIRRLEA
1249,PNSFELIRRL,10mer,IRRLEAS
1250,NSFELIRRLE,10mer,RRLEASE
1251,SFELIRRLEA,10mer,RLEASET
1252,FELIRRLEAS,10mer,LEASETE
1253,ELIRRLEASE,10mer,EASETES
1254,LIRRLEASET,10mer,ASETESF
1255,IRRLEASETE,10mer,SETESFG
1256,RRLEASETES,10mer,ETESFGN
1257,RLEASETESF,10mer,TESFGNE
1258,LEASETESFG,10mer,ESFGNEI
1259,EASETESFGN,10mer,SFGNEIY
1260,ASETESFGNE,10mer,FGNEIYT
1261,SETESFGNEI,10mer,GNEIYTV
1262,ETESFGNEIY,10mer,NEIYTVK
1263,TESFGNEIYT,10mer,EIYTVKF
1264,ESFGNEIYTV,10mer,IYTVKFQ
1265,SFGNEIYTVK,10mer,YTVKFQK
1266,FGNEIYTVKF,10mer,TVKFQKK
1267,GNEIYTVKFQ,10mer,VKFQKKG
1268,NEIYTVKFQK,10mer,KFQKKGD
1269,EIYTVKFQKK,10mer,FQKKGDY
1270,IYTVKFQKKG,10mer,QKKGDYP
1271,YTVKFQKKGD,10mer,KKGDYPL
1272,TVKFQKKGDY,10mer,KGDYPLF
1273,VKFQKKGDYP,10mer,GDYPLFG
1274,KFQKKGDYPL,10mer,DYPLFGC
1275,FQKKGDYPLF,10mer,YPLFGCK
1276,QKKGDYPLFG,10mer,PLFGCKY
1277,KKGDYPLFGC,10mer,LFGCKYD
1278,KGDYPLFGCK,10mer,FGCKYDF
1279,GDYPLFGCKY,10mer,GCKYDFN
1280,DYPLFGCKYD,10mer,CKYDFNL
1281,YPLFGCKYDF,10mer,KYDFNLE
1282,PLFGCKYDFN,10mer,YDFNLEG
1283,LFGCKYDFNL,10mer,DFNLEGV
1284,FGCKYDFNLE,10mer,FNLEGVV
1285,GCKYDFNLEG,10mer,NLEGVVD
1286,CKYDFNLEGV,10mer,LEGVVDV
1287,KYDFNLEGVV,10mer,EGVVDVP
1288,YDFNLEGVVD,10mer,GVVDVPE
1289,DFNLEGVVDV,10mer,VVDVPEF
1290,FNLEGVVDVP,10mer,VDVPEFL
1291,NLEGVVDVPE,10mer,DVPEFLV
1292,LEGVVDVPEF,10mer,VPEFLVY
1293,EGVVDVPEFL,10mer,PEFLVYF
1294,GVVDVPEFLV,10mer,EFLVYFP
1295,VVDVPEFLVY,10mer,FLVYFPL
1296,VDVPEFLVYF,10mer,LVYFPLL
1297,DVPEFLVYFP,10mer,VYFPLLN
1298,VPEFLVYFPL,10mer,YFPLLNE
1299,PEFLVYFPLL,10mer,FPLLNEM
1300,EFLVYFPLLN,10mer,PLLNEMA
1301,FLVYFPLLNE,10mer,LLNEMAK
1302,LVYFPLLNEM,10mer,LNEMAKK
1303,VYFPLLNEMA,10mer,NEMAKKY
1304,YFPLLNEMAK,10mer,EMAKKYN
1305,FPLLNEMAKK,10mer,MAKKYNM
1306,PLLNEMAKKY,10mer,AKKYNMK
1307,LLNEMAKKYN,10mer,KKYNMKL
1308,LNEMAKKYNM,10mer,KYNMKLV
1309,NEMAKKYNMK,10mer,YNMKLVY
1310,EMAKKYNMKL,10mer,NMKLVYK
1311,MAKKYNMKLV,10mer,MKLVYKK
1312,AKKYNMKLVY,10mer,KLVYKKT
1313,KKYNMKLVYK,10mer,LVYKKTF
1314,KYNMKLVYKK,10mer,VYKKTFL
1315,YNMKLVYKKT,10mer,YKKTFLE
1316,NMKLVYKKTF,10mer,KKTFLEF
1317,MKLVYKKTFL,10mer,KTFLEFY
1318,KLVYKKTFLE,10mer,TFLEFYE
1319,LVYKKTFLEF,10mer,FLEFYEE
1320,VYKKTFLEFY,10mer,LEFYEEK
1321,YKKTFLEFYE,10mer,EFYEEKI
1322,KKTFLEFYEE,10mer,FYEEKIK
1323,KTFLEFYEEK,10mer,YEEKIKN
1324,TFLEFYEEKI,10mer,EEKIKNN
1325,FLEFYEEKIK,10mer,EKIKNNE
1326,LEFYEEKIKN,10mer,KIKNNEN
1327,EFYEEKIKNN,10mer,IKNNENK
1328,FYEEKIKNNE,10mer,KNNENKM
1329,YEEKIKNNEN,10mer,NNENKML
1330,EEKIKNNENK,10mer,NENKMLL
1331,EKIKNNENKM,10mer,ENKMLLK
1332,KIKNNENKML,10mer,NKMLLKR
1333,IKNNENKMLL,10mer,KMLLKRM
1334,KNNENKMLLK,10mer,MLLKRMQ
1335,NNENKMLLKR,10mer,LLKRMQA
1336,NENKMLLKRM,10mer,LKRMQAL
1337,ENKMLLKRMQ,10mer,KRMQALE
1338,NKMLLKRMQA,10mer,RMQALEP
1339,KMLLKRMQAL,10mer,MQALEPY
1340,MLLKRMQALE,10mer,QALEPYP
1341,LLKRMQALEP,10mer,ALEPYPA
1342,LKRMQALEPY,10mer,LEPYPAN
1343,KRMQALEPYP,10mer,EPYPANE
1344,RMQALEPYPA,10mer,PYPANES
1345,MQALEPYPAN,10mer,YPANESS
1346,QALEPYPANE,10mer,PANESSK
1347,ALEPYPANES,10mer,ANESSKL
1348,LEPYPANESS,10mer,NESSKLV
1349,EPYPANESSK,10mer,ESSKLVS
1350,PYPANESSKL,10mer,SSKLVSE
1351,YPANESSKLV,10mer,SKLVSER
1352,PANESSKLVS,10mer,KLVSERV
1353,ANESSKLVSE,10mer,LVSERVD
1354,NESSKLVSER,10mer,VSERVDD
1355,ESSKLVSERV,10mer,SERVDDY
1356,SSKLVSERVD,10mer,ERVDDYE
1357,SKLVSERVDD,10mer,RVDDYEH
1358,KLVSERVDDY,10mer,VDDYEHA
1359,LVSERVDDYE,10mer,DDYEHAA
1360,VSERVDDYEH,10mer,DYEHAAK
1361,SERVDDYEHA,10mer,YEHAAKY
1362,ERVDDYEHAA,10mer,EHAAKYM
1363,RVDDYEHAAK,10mer,HAAKYMK
1364,VDDYEHAAKY,10mer,AAKYMKN
1365,DDYEHAAKYM,10mer,AKYMKNS
1366,DYEHAAKYMK,10mer,KYMKNSQ
1367,YEHAAKYMKN,10mer,YMKNSQV
1368,EHAAKYMKNS,10mer,MKNSQVK
1369,HAAKYMKNSQ,10mer,KNSQVKL
1370,AAKYMKNSQV,10mer,NSQVKLP
1371,AKYMKNSQVK,10mer,SQVKLPL
1372,KYMKNSQVKL,10mer,QVKLPLG
1373,YMKNSQVKLP,10mer,VKLPLGT
1374,MKNSQVKLPL,10mer,KLPLGTL
1375,KNSQVKLPLG,10mer,LPLGTLS
1376,NSQVKLPLGT,10mer,PLGTLSK
1377,SQVKLPLGTL,10mer,LGTLSKS
1378,QVKLPLGTLS,10mer,GTLSKSE
1379,VKLPLGTLSK,10mer,TLSKSEW
1380,KLPLGTLSKS,10mer,LSKSEWE
1381,LPLGTLSKSE,10mer,SKSEWEA
1382,PLGTLSKSEW,10mer,KSEWEAT
1383,LGTLSKSEWE,10mer,SEWEATS
1384,GTLSKSEWEA,10mer,EWEATSI
1385,TLSKSEWEAT,10mer,WEATSIY
1386,LSKSEWEATS,10mer,EATSIYL
1387,SKSEWEATSI,10mer,ATSIYLV
1388,KSEWEATSIY,10mer,TSIYLVF
1389,SEWEATSIYL,10mer,SIYLVFA
1390,EWEATSIYLV,10mer,IYLVFAF
1391,WEATSIYLVF,10mer,YLVFAFE
1392,EATSIYLVFA,10mer,LVFAFEK
1393,ATSIYLVFAF,10mer,VFAFEKQ
1394,TSIYLVFAFE,10mer,FAFEKQQ
1395,MANSTKAEEYE,11mer,EEYEKMS
1396,ANSTKAEEYEK,11mer,EYEKMSV
1397,NSTKAEEYEKM,11mer,YEKMSVE
1398,STKAEEYEKMS,11mer,EKMSVEQ
1399,TKAEEYEKMSV,11mer,KMSVEQA
1400,KAEEYEKMSVE,11mer,MSVEQAK
1401,AEEYEKMSVEQ,11mer,SVEQAKA
1402,EEYEKMSVEQA,11mer,VEQAKAS
1403,EYEKMSVEQAK,11mer,EQAKASV
1404,YEKMSVEQAKA,11mer,QAKASVN
1405,EKMSVEQAKAS,11mer,AKASVNS
1406,KMSVEQAKASV,11mer,KASVNSE
1407,MSVEQAKASVN,11mer,ASVNSEA
1408,SVEQAKASVNS,11mer,SVNSEAE
1409,VEQAKASVNSE,11mer,VNSEAES
1410,EQAKASVNSEA,11mer,NSEAESS
1411,QAKASVNSEAE,11mer,SEAESSF
1412,AKASVNSEAES,11mer,EAESSFS
1413,KASVNSEAESS,11mer,AESSFSI
1414,ASVNSEAESSF,11mer,ESSFSIN
1415,SVNSEAESSFS,11mer,SSFSINE
1416,VNSEAESSFSI,11mer,SFSINEN
1417,NSEAESSFSIN,11mer,FSINENT
1418,SEAESSFSINE,11mer,SINENTT
1419,EAESSFSINEN,11mer,INENTTA
1420,AESSFSINENT,11mer,NENTTAS
1421,ESSFSINENTT,11mer,ENTTASG
1422,SSFSINENTTA,11mer,NTTASGT
1423,SFSINENTTAS,11mer,TTASGTG
1424,FSINENTTASG,11mer,TASGTGL
1425,SINENTTASGT,11mer,ASGTGLS
1426,INENTTASGTG,11mer,SGTGLSG
1427,NENTTASGTGL,11mer,GTGLSGK
1428,ENTTASGTGLS,11mer,TGLSGKT
1429,NTTASGTGLSG,11mer,GLSGKTS
1430,TTASGTGLSGK,11mer,LSGKTSV
1431,TASGTGLSGKT,11mer,SGKTSVC
1432,ASGTGLSGKTS,11mer,GKTSVCR
1433,SGTGLSGKTSV,11mer,KTSVCRQ
1434,GTGLSGKTSVC,11mer,TSVCRQV
1435,TGLSGKTSVCR,11mer,SVCRQVD
1436,GLSGKTSVCRQ,11mer,VCRQVDT
1437,LSGKTSVCRQV,11mer,CRQVDTA
1438,SGKTSVCRQVD,11mer,RQVDTAR
1439,GKTSVCRQVDT,11mer,QVDTARK
1440,KTSVCRQVDTA,11mer,VDTARKR
1441,TSVCRQVDTAR,11mer,DTARKRK
1442,SVCRQVDTARK,11mer,TARKRKE
1443,VCRQVDTARKR,11mer,ARKRKEF
1444,CRQVDTARKRK,11mer,RKRKEFE
1445,RQVDTARKRKE,11mer,KRKEFED
1446,QVDTARKRKEF,11mer,RKEFEDD
1447,VDTARKRKEFE,11mer,KEFEDDL
1448,DTARKRKEFED,11mer,EFEDDLV
1449,TARKRKEFEDD,11mer,FEDDLVK
1450,ARKRKEFEDDL,11mer,EDDLVKE
1451,RKRKEFEDDLV,11mer,DDLVKES
1452,KRKEFEDDLVK,11mer,DLVKESS
1453,RKEFEDDLVKE,11mer,LVKESSS
1454,KEFEDDLVKES,11mer,VKESSSC
1455,EFEDDLVKESS,11mer,KESSSCG
1456,FEDDLVKESSS,11mer,ESSSCGE
1457,EDDLVKESSSC,11mer,SSSCGEG
1458,DDLVKESSSCG,11mer,SSCGEGT
1459,DLVKESSSCGE,11mer,SCGEGTP
1460,LVKESSSCGEG,11mer,CGEGTPS
1461,VKESSSCGEGT,11mer,GEGTPSK
1462,KESSSCGEGTP,11mer,EGTPSKK
1463,ESSSCGEGTPS,11mer,GTPSKKR
1464,SSSCGEGTPSK,11mer,TPSKKRK
1465,SSCGEGTPSKK,11mer,PSKKRKL
1466,SCGEGTPSKKR,11mer,SKKRKLD
1467,CGEGTPSKKRK,11mer,KKRKLDP
1468,GEGTPSKKRKL,11mer,KRKLDPE
1469,EGTPSKKRKLD,11mer,RKLDPEI
1470,GTPSKKRKLDP,11mer,KLDPEIV
1471,TPSKKRKLDPE,11mer,LDPEIVP
1472,PSKKRKLDPEI,11mer,DPEIVPE
1473,SKKRKLDPEIV,11mer,PEIVPEE
1474,KKRKLDPEIVP,11mer,EIVPEEK
1475,KRKLDPEIVPE,11mer,IVPEEKD
1476,RKLDPEIVPEE,11mer,VPEEKDC
1477,KLDPEIVPEEK,11mer,PEEKDCG
1478,LDPEIVPEEKD,11mer,EEKDCGD
1479,DPEIVPEEKDC,11mer,EKDCGDD
1480,PEIVPEEKDCG,11mer,KDCGDDE
1481,EIVPEEKDCGD,11mer,DCGDDEG
1482,IVPEEKDCGDD,11mer,CGDDEGN
1483,VPEEKDCGDDE,11mer,GDDEGNS
1484,PEEKDCGDDEG,11mer,DDEGNSK
1485,EEKDCGDDEGN,11mer,DEGNSKK
1486,EKDCGDDEGNS,11mer,EGNSKKR
1487,KDCGDDEGNSK,11mer,GNSKKRK
1488,DCGDDEGNSKK,11mer,NSKKRKR
1489,CGDDEGNSKKR,11mer,SKKRKRE
1490,GDDEGNSKKRK,11mer,KKRKRET
1491,DDEGNSKKRKR,11mer,KRKRETE
1492,DEGNSKKRKRE,11mer,RKRETED
1493,EGNSKKRKRET,11mer,KRETEDV
1494,GNSKKRKRETE,11mer,RETEDVP
1495,NSKKRKRETED,11mer,ETEDVPK
1496,SKKRKRETEDV,11mer,TEDVPKD
1497,KKRKRETEDVP,11mer,EDVPKDE
1498,KRKRETEDVPK,11mer,DVPKDEY
1499,RKRETEDVPKD,11mer,VPKDEYS
1500,KRETEDVPKDE,11mer,PKDEYST
1501,RETEDVPKDEY,11mer,KDEYSTG
1502,ETEDVPKDEYS,11mer,DEYSTGD
1503,TEDVPKDEYST,11mer,EYSTGDG
1504,EDVPKDEYSTG,11mer,YSTGDGT
1505,DVPKDEYSTGD,11mer,STGDGTQ
1506,VPKDEYSTGDG,11mer,TGDGTQN
1507,PKDEYSTGDGT,11mer,GDGTQNK
1508,KDEYSTGDGTQ,11mer,DGTQNKR
1509,DEYSTGDGTQN,11mer,GTQNKRK
1510,EYSTGDGTQNK,11mer,TQNKRKI
1511,YSTGDGTQNKR,11mer,QNKRKIA
1512,STGDGTQNKRK,11mer,NKRKIAL
1513,TGDGTQNKRKI,11mer,KRKIALE
1514,GDGTQNKRKIA,11mer,RKIALED
1515,DGTQNKRKIAL,11mer,KIALEDV
1516,GTQNKRKIALE,11mer,IALEDVP
1517,TQNKRKIALED,11mer,ALEDVPE
1518,QNKRKIALEDV,11mer,LEDVPEK
1519,NKRKIALEDVP,11mer,EDVPEKQ
1520,KRKIALEDVPE,11mer,DVPEKQK
1521,RKIALEDVPEK,11mer,VPEKQKN
1522,KIALEDVPEKQ,11mer,PEKQKNL
1523,IALEDVPEKQK,11mer,EKQKNLE
1524,ALEDVPEKQKN,11mer,KQKNLEE
1525,LEDVPEKQKNL,11mer,QKNLEEG
1526,EDVPEKQKNLE,11mer,KNLEEGH
1527,DVPEKQKNLEE,11mer,NLEEGHS
1528,VPEKQKNLEEG,11mer,LEEGHSS
1529,PEKQKNLEEGH,11mer,EEGHSSA
1530,EKQKNLEEGHS,11mer,EGHSSAV
1531,KQKNLEEGHSS,11mer,GHSSAVA
1532,QKNLEEGHSSA,11mer,HSSAVAA
1533,KNLEEGHSSAV,11mer,SSAVAAH
1534,NLEEGHSSAVA,11mer,SAVAAHY
1535,LEEGHSSAVAA,11mer,AVAAHYN
1536,EEGHSSAVAAH,11mer,VAAHYNE
1537,EGHSSAVAAHY,11mer,AAHYNEL
1538,GHSSAVAAHYN,11mer,AHYNELQ
1539,HSSAVAAHYNE,11mer,HYNELQE
1540,SSAVAAHYNEL,11mer,YNELQEV
1541,SAVAAHYNELQ,11mer,NELQEVG
1542,AVAAHYNELQE,11mer,ELQEVGL
1543,VAAHYNELQEV,11mer,LQEVGLE
1544,AAHYNELQEVG,11mer,QEVGLEK
1545,AHYNELQEVGL,11mer,EVGLEKR
1546,HYNELQEVGLE,11mer,VGLEKRS
1547,YNELQEVGLEK,11mer,GLEKRSQ
1548,NELQEVGLEKR,11mer,LEKRSQS
1549,ELQEVGLEKRS,11mer,EKRSQSR
1550,LQEVGLEKRSQ,11mer,KRSQSRI
1551,QEVGLEKRSQS,11mer,RSQSRIF
1552,EVGLEKRSQSR,11mer,SQSRIFY
1553,VGLEKRSQSRI,11mer,QSRIFYL
1554,GLEKRSQSRIF,11mer,SRIFYLR
1555,LEKRSQSRIFY,11mer,RIFYLRN
1556,EKRSQSRIFYL,11mer,IFYLRNF
1557,KRSQSRIFYLR,11mer,FYLRNFN
1558,RSQSRIFYLRN,11mer,YLRNFNN
1559,SQSRIFYLRNF,11mer,LRNFNNW
1560,QSRIFYLRNFN,11mer,RNFNNWM
1561,SRIFYLRNFNN,11mer,NFNNWMK
1562,RIFYLRNFNNW,11mer,FNNWMKS
1563,IFYLRNFNNWM,11mer,NNWMKSV
1564,FYLRNFNNWMK,11mer,NWMKSVL
1565,YLRNFNNWMKS,11mer,WMKSVLI
1566,LRNFNNWMKSV,11mer,MKSVLIG
1567,RNFNNWMKSVL,11mer,KSVLIGE
1568,NFNNWMKSVLI,11mer,SVLIGEF
1569,FNNWMKSVLIG,11mer,VLIGEFL
1570,NNWMKSVLIGE,11mer,LIGEFLE
1571,NWMKSVLIGEF,11mer,IGEFLEK
1572,WMKSVLIGEFL,11mer,GEFLEKV
1573,MKSVLIGEFLE,11mer,EFLEKVR
1574,KSVLIGEFLEK,11mer,FLEKVRQ
1575,SVLIGEFLEKV,11mer,LEKVRQK
1576,VLIGEFLEKVR,11mer,EKVRQKK
1577,LIGEFLEKVRQ,11mer,KVRQKKK
1578,IGEFLEKVRQK,11mer,VRQKKKR
1579,GEFLEKVRQKK,11mer,RQKKKRD
1580,EFLEKVRQKKK,11mer,QKKKRDI
1581,FLEKVRQKKKR,11mer,KKKRDIT
1582,LEKVRQKKKRD,11mer,KKRDITV
1583,EKVRQKKKRDI,11mer,KRDITVL
1584,KVRQKKKRDIT,11mer,RDITVLD
1585,VRQKKKRDITV,11mer,DITVLDL
1586,RQKKKRDITVL,11mer,ITVLDLG
1587,QKKKRDITVLD,11mer,TVLDLGC
1588,KKKRDITVLDL,11mer,VLDLGCG
1589,KKRDITVLDLG,11mer,LDLGCGK
1590,KRDITVLDLGC,11mer,DLGCGKG
1591,RDITVLDLGCG,11mer,LGCGKGG
1592,DITVLDLGCGK,11mer,GCGKGGD
1593,ITVLDLGCGKG,11mer,CGKGGDL
1594,TVLDLGCGKGG,11mer,GKGGDLL
1595,VLDLGCGKGGD,11mer,KGGDLLK
1596,LDLGCGKGGDL,11mer,GGDLLKW
1597,DLGCGKGGDLL,11mer,GDLLKWK
1598,LGCGKGGDLLK,11mer,DLLKWKK
1599,GCGKGGDLLKW,11mer,LLKWKKG
1600,CGKGGDLLKWK,11mer,LKWKKGR
1601,GKGGDLLKWKK,11mer,KWKKGRI
1602,KGGDLLKWKKG,11mer,WKKGRIN
1603,GGDLLKWKKGR,11mer,KKGRINK
1604,GDLLKWKKGRI,11mer,KGRINKL
1605,DLLKWKKGRIN,11mer,GRINKLV
1606,LLKWKKGRINK,11mer,RINKLVC
1607,LKWKKGRINKL,11mer,INKLVCT
1608,KWKKGRINKLV,11mer,NKLVCTD
1609,WKKGRINKLVC,11mer,KLVCTDI
1610,KKGRINKLVCT,11mer,LVCTDIA
1611,KGRINKLVCTD,11mer,VCTDIAD
1612,GRINKLVCTDI,11mer,CTDIADV
1613,RINKLVCTDIA,11mer,TDIADVS
1614,INKLVCTDIAD,11mer,DIADVSI
1615,NKLVCTDIADV,11mer,IADVSIK
1616,KLVCTDIADVS,11mer,ADVSIKQ
1617,LVCTDIADVSI,11mer,DVSIKQC
1618,VCTDIADVSIK,11mer,VSIKQCQ
1619,CTDIADVSIKQ,11mer,SIKQCQQ
1620,TDIADVSIKQC,11mer,IKQCQQR
1621,DIADVSIKQCQ,11mer,KQCQQRY
1622,IADVSIKQCQQ,11mer,QCQQRYE
1623,ADVSIKQCQQR,11mer,CQQRYED
1624,DVSIKQCQQRY,11mer,QQRYEDM
1625,VSIKQCQQRYE,11mer,QRYEDMK
1626,SIKQCQQRYED,11mer,RYEDMKN
1627,IKQCQQRYEDM,11mer,YEDMKNR
1628,KQCQQRYEDMK,11mer,EDMKNRR
1629,QCQQRYEDMKN,11mer,DMKNRRD
1630,CQQRYEDMKNR,11mer,MKNRRDS
1631,QQRYEDMKNRR,11mer,KNRRDSE
1632,QRYEDMKNRRD,11mer,NRRDSEY
1633,RYEDMKNRRDS,11mer,RRDSEYI
1634,YEDMKNRRDSE,11mer,RDSEYIF
1635,EDMKNRRDSEY,11mer,DSEYIFS
1636,DMKNRRDSEYI,11mer,SEYIFSA
1637,MKNRRDSEYIF,11mer,EYIFSAE
1638,KNRRDSEYIFS,11mer,YIFSAEF
1639,NRRDSEYIFSA,11mer,IFSAEFI
1640,RRDSEYIFSAE,11mer,FSAEFIT
1641,RDSEYIFSAEF,11mer,SAEFITA
1642,DSEYIFSAEFI,11mer,AEFITAD
1643,SEYIFSAEFIT,11mer,EFITADC
1644,EYIFSAEFITA,11mer,FITADCS
1645,YIFSAEFITAD,11mer,ITADCSK
1646,IFSAEFITADC,11mer,TADCSKE
1647,FSAEFITADCS,11mer,ADCSKEL
1648,SAEFITADCSK,11mer,DCSKELL
1649,AEFITADCSKE,11mer,CSKELLI
1650,EFITADCSKEL,11mer,SKELLIE
1651,FITADCSKELL,11mer,KELLIEK
1652,ITADCSKELLI,11mer,ELLIEKF
1653,TADCSKELLIE,11mer,LLIEKFR
1654,ADCSKELLIEK,11mer,LIEKFRD
1655,DCSKELLIEKF,11mer,IEKFRDP
1656,CSKELLIEKFR,11mer,EKFRDPQ
1657,SKELLIEKFRD,11mer,KFRDPQM
1658,KELLIEKFRDP,11mer,FRDPQMC
1659,ELLIEKFRDPQ,11mer,RDPQMCF
1660,LLIEKFRDPQM,11mer,DPQMCFD
1661,LIEKFRDPQMC,11mer,PQMCFDI
1662,IEKFRDPQMCF,11mer,QMCFDIC
1663,EKFRDPQMCFD,11mer,MCFDICS
1664,KFRDPQMCFDI,11mer,CFDICSC
1665,FRDPQMCFDIC,11mer,FDICSCQ
1666,RDPQMCFDICS,11mer,DICSCQF
1667,DPQMCFDICSC,11mer,ICSCQFV
1668,PQMCFDICSCQ,11mer,CSCQFVC
1669,QMCFDICSCQF,11mer,SCQFVCH
1670,MCFDICSCQFV,11mer,CQFVCHY
1671,CFDICSCQFVC,11mer,QFVCHYS
1672,FDICSCQFVCH,11mer,FVCHYSF
1673,DICSCQFVCHY,11mer,VCHYSFE
1674,ICSCQFVCHYS,11mer,CHYSFES
1675,CSCQFVCHYSF,11mer,HYSFESY
1676,SCQFVCHYSFE,11mer,YSFESYE
1677,CQFVCHYSFES,11mer,SFESYEQ
1678,QFVCHYSFESY,11mer,FESYEQA
1679,FVCHYSFESYE,11mer,ESYEQAD
1680,VCHYSFESYEQ,11mer,SYEQADM
1681,CHYSFESYEQA,11mer,YEQADMM
1682,HYSFESYEQAD,11mer,EQADMML
1683,YSFESYEQADM,11mer,QADMMLR
1684,SFESYEQADMM,11mer,ADMMLRN
1685,FESYEQADMML,11mer,DMMLRNA
1686,ESYEQADMMLR,11mer,MMLRNAC
1687,SYEQADMMLRN,11mer,MLRNACE
1688,YEQADMMLRNA,11mer,LRNACER
1689,EQADMMLRNAC,11mer,RNACERL
1690,QADMMLRNACE,11mer,NACERLS
1691,ADMMLRNACER,11mer,ACERLSP
1692,DMMLRNACERL,11mer,CERLSPG
1693,MMLRNACERLS,11mer,ERLSPGG
1694,MLRNACERLSP,11mer,RLSPGGY
1695,LRNACERLSPG,11mer,LSPGGYF
1696,RNACERLSPGG,11mer,SPGGYFI
1697,NACERLSPGGY,11mer,PGGYFIG
1698,ACERLSPGGYF,11mer,GGYFIGT
1699,CERLSPGGYFI,11mer,GYFIGTT
1700,ERLSPGGYFIG,11mer,YFIGTTP
1701,RLSPGGYFIGT,11mer,FIGTTPN
1702,LSPGGYFIGTT,11mer,IGTTPNS
1703,SPGGYFIGTTP,11mer,GTTPNSF
1704,PGGYFIGTTPN,11mer,TTPNSFE
1705,GGYFIGTTPNS,11mer,TPNSFEL
1706,GYFIGTTPNSF,11mer,PNSFELI
1707,YFIGTTPNSFE,11mer,NSFELIR
1708,FIGTTPNSFEL,11mer,SFELIRR
1709,IGTTPNSFELI,11mer,FELIRRL
1710,GTTPNSFELIR,11mer,ELIRRLE
1711,TTPNSFELIRR,11mer,LIRRLEA
1712,TPNSFELIRRL,11mer,IRRLEAS
1713,PNSFELIRRLE,11mer,RRLEASE
1714,NSFELIRRLEA,11mer,RLEASET
1715,SFELIRRLEAS,11mer,LEASETE
1716,FELIRRLEASE,11mer,EASETES
1717,ELIRRLEASET,11mer,ASETESF
1718,LIRRLEASETE,11mer,SETESFG
1719,IRRLEASETES,11mer,ETESFGN
1720,RRLEASETESF,11mer,TESFGNE
1721,RLEASETESFG,11mer,ESFGNEI
1722,LEASETESFGN,11mer,SFGNEIY
1723,EASETESFGNE,11mer,FGNEIYT
1724,ASETESFGNEI,11mer,GNEIYTV
1725,SETESFGNEIY,11mer,NEIYTVK
1726,ETESFGNEIYT,11mer,EIYTVKF
1727,TESFGNEIYTV,11mer,IYTVKFQ
1728,ESFGNEIYTVK,11mer,YTVKFQK
1729,SFGNEIYTVKF,11mer,TVKFQKK
1730,FGNEIYTVKFQ,11mer,VKFQKKG
1731,GNEIYTVKFQK,11mer,KFQKKGD
1732,NEIYTVKFQKK,11mer,FQKKGDY
1733,EIYTVKFQKKG,11mer,QKKGDYP
1734,IYTVKFQKKGD,11mer,KKGDYPL
1735,YTVKFQKKGDY,11mer,KGDYPLF
1736,TVKFQKKGDYP,11mer,GDYPLFG
1737,VKFQKKGDYPL,11mer,DYPLFGC
1738,KFQKKGDYPLF,11mer,YPLFGCK
1739,FQKKGDYPLFG,11mer,PLFGCKY
1740,QKKGDYPLFGC,11mer,LFGCKYD
1741,KKGDYPLFGCK,11mer,FGCKYDF
1742,KGDYPLFGCKY,11mer,GCKYDFN
1743,GDYPLFGCKYD,11mer,CKYDFNL
1744,DYPLFGCKYDF,11mer,KYDFNLE
1745,YPLFGCKYDFN,11mer,YDFNLEG
1746,PLFGCKYDFNL,11mer,DFNLEGV
1747,LFGCKYDFNLE,11mer,FNLEGVV
1748,FGCKYDFNLEG,11mer,NLEGVVD
1749,GCKYDFNLEGV,11mer,LEGVVDV
1750,CKYDFNLEGVV,11mer,EGVVDVP
1751,KYDFNLEGVVD,11mer,GVVDVPE
1752,YDFNLEGVVDV,11mer,VVDVPEF
1753,DFNLEGVVDVP,11mer,VDVPEFL
1754,FNLEGVVDVPE,11mer,DVPEFLV
1755,NLEGVVDVPEF,11mer,VPEFLVY
1756,LEGVVDVPEFL,11mer,PEFLVYF
1757,EGVVDVPEFLV,11mer,EFLVYFP
1758,GVVDVPEFLVY,11mer,FLVYFPL
1759,VVDVPEFLVYF,11mer,LVYFPLL
1760,VDVPEFLVYFP,11mer,VYFPLLN
1761,DVPEFLVYFPL,11mer,YFPLLNE
1762,VPEFLVYFPLL,11mer,FPLLNEM
1763,PEFLVYFPLLN,11mer,PLLNEMA
1764,EFLVYFPLLNE,11mer,LLNEMAK
1765,FLVYFPLLNEM,11mer,LNEMAKK
1766,LVYFPLLNEMA,11mer,NEMAKKY
1767,VYFPLLNEMAK,11mer,EMAKKYN
1768,YFPLLNEMAKK,11mer,MAKKYNM
1769,FPLLNEMAKKY,11mer,AKKYNMK
1770,PLLNEMAKKYN,11mer,KKYNMKL
1771,LLNEMAKKYNM,11mer,KYNMKLV
1772,LNEMAKKYNMK,11mer,YNMKLVY
1773,NEMAKKYNMKL,11mer,NMKLVYK
1774,EMAKKYNMKLV,11mer,MKLVYKK
1775,MAKKYNMKLVY,11mer,KLVYKKT
1776,AKKYNMKLVYK,11mer,LVYKKTF
1777,KKYNMKLVYKK,11mer,VYKKTFL
1778,KYNMKLVYKKT,11mer,YKKTFLE
1779,YNMKLVYKKTF,11mer,KKTFLEF
1780,NMKLVYKKTFL,11mer,KTFLEFY
1781,MKLVYKKTFLE,11mer,TFLEFYE
1782,KLVYKKTFLEF,11mer,FLEFYEE
1783,LVYKKTFLEFY,11mer,LEFYEEK
1784,VYKKTFLEFYE,11mer,EFYEEKI
1785,YKKTFLEFYEE,11mer,FYEEKIK
1786,KKTFLEFYEEK,11mer,YEEKIKN
1787,KTFLEFYEEKI,11mer,EEKIKNN
1788,TFLEFYEEKIK,11mer,EKIKNNE
1789,FLEFYEEKIKN,11mer,KIKNNEN
1790,LEFYEEKIKNN,11mer,IKNNENK
1791,EFYEEKIKNNE,11mer,KNNENKM
1792,FYEEKIKNNEN,11mer,NNENKML
1793,YEEKIKNNENK,11mer,NENKMLL
1794,EEKIKNNENKM,11mer,ENKMLLK
1795,EKIKNNENKML,11mer,NKMLLKR
1796,KIKNNENKMLL,11mer,KMLLKRM
1797,IKNNENKMLLK,11mer,MLLKRMQ
1798,KNNENKMLLKR,11mer,LLKRMQA
1799,NNENKMLLKRM,11mer,LKRMQAL
1800,NENKMLLKRMQ,11mer,KRMQALE
1801,ENKMLLKRMQA,11mer,RMQALEP
1802,NKMLLKRMQAL,11mer,MQALEPY
1803,KMLLKRMQALE,11mer,QALEPYP
1804,MLLKRMQALEP,11mer,ALEPYPA
1805,LLKRMQALEPY,11mer,LEPYPAN
1806,LKRMQALEPYP,11mer,EPYPANE
1807,KRMQALEPYPA,11mer,PYPANES
1808,RMQALEPYPAN,11mer,YPANESS
1809,MQALEPYPANE,11mer,PANESSK
1810,QALEPYPANES,11mer,ANESSKL
1811,ALEPYPANESS,11mer,NESSKLV
1812,LEPYPANESSK,11mer,ESSKLVS
1813,EPYPANESSKL,11mer,SSKLVSE
1814,PYPANESSKLV,11mer,SKLVSER
1815,YPANESSKLVS,11mer,KLVSERV
1816,PANESSKLVSE,11mer,LVSERVD
1817,ANESSKLVSER,11mer,VSERVDD
1818,NESSKLVSERV,11mer,SERVDDY
1819,ESSKLVSERVD,11mer,ERVDDYE
1820,SSKLVSERVDD,11mer,RVDDYEH
1821,SKLVSERVDDY,11mer,VDDYEHA
1822,KLVSERVDDYE,11mer,DDYEHAA
1823,LVSERVDDYEH,11mer,DYEHAAK
1824,VSERVDDYEHA,11mer,YEHAAKY
1825,SERVDDYEHAA,11mer,EHAAKYM
1826,ERVDDYEHAAK,11mer,HAAKYMK
1827,RVDDYEHAAKY,11mer,AAKYMKN
1828,VDDYEHAAKYM,11mer,AKYMKNS
1829,DDYEHAAKYMK,11mer,KYMKNSQ
1830,DYEHAAKYMKN,11mer,YMKNSQV
1831,YEHAAKYMKNS,11mer,MKNSQVK
1832,EHAAKYMKNSQ,11mer,KNSQVKL
1833,HAAKYMKNSQV,11mer,NSQVKLP
1834,AAKYMKNSQVK,11mer,SQVKLPL
1835,AKYMKNSQVKL,11mer,QVKLPLG
1836,KYMKNSQVKLP,11mer,VKLPLGT
1837,YMKNSQVKLPL,11mer,KLPLGTL
1838,MKNSQVKLPLG,11mer,LPLGTLS
1839,KNSQVKLPLGT,11mer,PLGTLSK
1840,NSQVKLPLGTL,11mer,LGTLSKS
1841,SQVKLPLGTLS,11mer,GTLSKSE
1842,QVKLPLGTLSK,11mer,TLSKSEW
1843,VKLPLGTLSKS,11mer,LSKSEWE
1844,KLPLGTLSKSE,11mer,SKSEWEA
1845,LPLGTLSKSEW,11mer,KSEWEAT
1846,PLGTLSKSEWE,11mer,SEWEATS
1847,LGTLSKSEWEA,11mer,EWEATSI
1848,GTLSKSEWEAT,11mer,WEATSIY
1849,TLSKSEWEATS,11mer,EATSIYL
1850,LSKSEWEATSI,11mer,ATSIYLV
1851,SKSEWEATSIY,11mer,TSIYLVF
1852,KSEWEATSIYL,11mer,SIYLVFA
1853,SEWEATSIYLV,11mer,IYLVFAF
1854,EWEATSIYLVF,11mer,YLVFAFE
1855,WEATSIYLVFA,11mer,LVFAFEK
1856,EATSIYLVFAF,11mer,VFAFEKQ
1857,ATSIYLVFAFE,11mer,FAFEKQQ
